URL,Titulo,Precio,Categoria,Descripcion
https://sv.computrabajo.com/empleos-en-san-miguel,Buscar empleo en San Miguel | Computrabajo El Salvador,,Tecnología,"Buscar empleo en San Miguel | Computrabajo El Salvador Buscar empleos Necesitamos tu autorización para saber dónde estás y ofrecerte las ofertas de trabajo locales. Cambia los permisos en la Configuración de tu navegador, en Privacidad y Seguridad, y autoriza a Computrabajo conocer tu localización. Mi ubicación Nuevo Ingresa y encuentra empleo con una mejor experiencia Ingresar Continúa con Google Buscar ofertas Mis postulaciones Mis favoritos Mis Alertas Login Crear CV Buscar Postulaciones Avisos Favoritos Menú Crear CV Buscar empresas Las mejores empresas para trabajar Salarios Compara los salarios Reclutadores ¡Únete a nosotros y publica ofertas gratis! Publica ofertas gratis Te ayudamos a encontrar un empleo mejor Consejos para encontrar empleo ¿Te avisamos si hay nuevas ofertas? No te pierdas ni una oportunidad laboral Ahora no Permitir Ordenar Ordenar por Relevancia Fecha Salario Fecha Fecha Urgente 1,651 Hoy 114 Últimos 3 días 291 Última semana 559 Últimos 15 días 1,464 Último mes 2,521 Categoría Categoría Ventas 1,052 Almacén / Logística / Transporte 602 Atención a clientes 375 Contabilidad / Finanzas 293 Administración / Oficina 276 Producción / Operarios / Manufactura 275 Mantenimiento y Reparaciones Técnicas 274 Otros 213 Hostelería / Turismo 168 Construcción y obra 168 Servicios Generales, Aseo y Seguridad 126 Informática / Telecomunicaciones 113 Ingeniería 107 CallCenter / Telemercadeo 99 Mercadotecnia / Publicidad / Comunicación 91 Medicina / Salud 88 Recursos H"
https://sv.computrabajo.com,Bolsa de trabajo El Salvador | Portal de empleo Computrabajo El Salvador,,Tecnología,"Bolsa de trabajo El Salvador | Portal de empleo Computrabajo El Salvador Buscar ofertas Evaluaciones de empresa Salarios Desarrollo profesional Ingresa y encuentra empleo con una mejor experiencia Ingresar Continúa con Google Buscar ofertas Mis postulaciones Mis favoritos Mis Alertas Reclutadores Login Crear CV Buscar Postulaciones Avisos Favoritos Menú Crear CV Buscar empresas Las mejores empresas para trabajar Salarios Compara los salarios Reclutadores ¡Únete a nosotros y publica ofertas gratis! Publica ofertas gratis Te ayudamos a encontrar un empleo mejor Consejos para encontrar empleo ¡Ahora es el momento de cambiar! Encuentra el empleo que encaja contigo, más de 4,603 ofertas Buscar empleos Necesitamos tu autorización para saber dónde estás y ofrecerte las ofertas de trabajo locales. Cambia los permisos en la Configuración de tu navegador, en Privacidad y Seguridad, y autoriza a Computrabajo conocer tu localización. Mi ubicación Nuevo Últimas búsquedas ¿Quieres publicar? ¿Eres empresa? Recluta gratis al mejor talento hoy mismo 1 Publica gratis Crea tu cuenta , publica y llega a diversidad de profesionales. 2 Selecciona Accede a perfiles y filtra según tus necesidades. 3 Encuentra al mejor perfil Contacta al candidato que mejor encaja en tu empresa. Nuevo Potencia tu desarrollo profesional Consejos, guías y recursos para encontrar antes el empleo que encaja contigo. Computrabajo te ayuda Si buscas trabajo ¡Computrabajo es tu mejor aliado! Miles de ofertas de empleo están"
https://sv.computrabajo.com/empresas,Bolsa de trabajo El Salvador | Portal de empleo Computrabajo El Salvador,,Tecnología,"Bolsa de trabajo El Salvador | Portal de empleo Computrabajo El Salvador Buscar ofertas Evaluaciones de empresa Salarios Desarrollo profesional Ingresa y encuentra empleo con una mejor experiencia Ingresar Continúa con Google Buscar ofertas Mis postulaciones Mis favoritos Mis Alertas Reclutadores Login Crear CV Buscar Postulaciones Avisos Favoritos Menú Crear CV Buscar empresas Las mejores empresas para trabajar Salarios Compara los salarios Reclutadores ¡Únete a nosotros y publica ofertas gratis! Publica ofertas gratis Te ayudamos a encontrar un empleo mejor Consejos para encontrar empleo ¡Ahora es el momento de cambiar! Encuentra el empleo que encaja contigo, más de 4,603 ofertas Buscar empleos Necesitamos tu autorización para saber dónde estás y ofrecerte las ofertas de trabajo locales. Cambia los permisos en la Configuración de tu navegador, en Privacidad y Seguridad, y autoriza a Computrabajo conocer tu localización. Mi ubicación Nuevo Últimas búsquedas ¿Quieres publicar? ¿Eres empresa? Recluta gratis al mejor talento hoy mismo 1 Publica gratis Crea tu cuenta , publica y llega a diversidad de profesionales. 2 Selecciona Accede a perfiles y filtra según tus necesidades. 3 Encuentra al mejor perfil Contacta al candidato que mejor encaja en tu empresa. Nuevo Potencia tu desarrollo profesional Consejos, guías y recursos para encontrar antes el empleo que encaja contigo. Computrabajo te ayuda Si buscas trabajo ¡Computrabajo es tu mejor aliado! Miles de ofertas de empleo están"
https://sv.computrabajo.com/salarios,Bolsa de trabajo El Salvador | Portal de empleo Computrabajo El Salvador,,Tecnología,"Bolsa de trabajo El Salvador | Portal de empleo Computrabajo El Salvador Buscar ofertas Evaluaciones de empresa Salarios Desarrollo profesional Ingresa y encuentra empleo con una mejor experiencia Ingresar Continúa con Google Buscar ofertas Mis postulaciones Mis favoritos Mis Alertas Reclutadores Login Crear CV Buscar Postulaciones Avisos Favoritos Menú Crear CV Buscar empresas Las mejores empresas para trabajar Salarios Compara los salarios Reclutadores ¡Únete a nosotros y publica ofertas gratis! Publica ofertas gratis Te ayudamos a encontrar un empleo mejor Consejos para encontrar empleo ¡Ahora es el momento de cambiar! Encuentra el empleo que encaja contigo, más de 4,603 ofertas Buscar empleos Necesitamos tu autorización para saber dónde estás y ofrecerte las ofertas de trabajo locales. Cambia los permisos en la Configuración de tu navegador, en Privacidad y Seguridad, y autoriza a Computrabajo conocer tu localización. Mi ubicación Nuevo Últimas búsquedas ¿Quieres publicar? ¿Eres empresa? Recluta gratis al mejor talento hoy mismo 1 Publica gratis Crea tu cuenta , publica y llega a diversidad de profesionales. 2 Selecciona Accede a perfiles y filtra según tus necesidades. 3 Encuentra al mejor perfil Contacta al candidato que mejor encaja en tu empresa. Nuevo Potencia tu desarrollo profesional Consejos, guías y recursos para encontrar antes el empleo que encaja contigo. Computrabajo te ayuda Si buscas trabajo ¡Computrabajo es tu mejor aliado! Miles de ofertas de empleo están"
https://sv.computrabajo.com/desarrollo-profesional,Bolsa de trabajo El Salvador | Portal de empleo Computrabajo El Salvador,,Tecnología,"Bolsa de trabajo El Salvador | Portal de empleo Computrabajo El Salvador Buscar ofertas Evaluaciones de empresa Salarios Desarrollo profesional Ingresa y encuentra empleo con una mejor experiencia Ingresar Continúa con Google Buscar ofertas Mis postulaciones Mis favoritos Mis Alertas Reclutadores Login Crear CV Buscar Postulaciones Avisos Favoritos Menú Crear CV Buscar empresas Las mejores empresas para trabajar Salarios Compara los salarios Reclutadores ¡Únete a nosotros y publica ofertas gratis! Publica ofertas gratis Te ayudamos a encontrar un empleo mejor Consejos para encontrar empleo ¡Ahora es el momento de cambiar! Encuentra el empleo que encaja contigo, más de 4,589 ofertas Buscar empleos Necesitamos tu autorización para saber dónde estás y ofrecerte las ofertas de trabajo locales. Cambia los permisos en la Configuración de tu navegador, en Privacidad y Seguridad, y autoriza a Computrabajo conocer tu localización. Mi ubicación Nuevo Últimas búsquedas ¿Quieres publicar? ¿Eres empresa? Recluta gratis al mejor talento hoy mismo 1 Publica gratis Crea tu cuenta , publica y llega a diversidad de profesionales. 2 Selecciona Accede a perfiles y filtra según tus necesidades. 3 Encuentra al mejor perfil Contacta al candidato que mejor encaja en tu empresa. Nuevo Potencia tu desarrollo profesional Consejos, guías y recursos para encontrar antes el empleo que encaja contigo. Computrabajo te ayuda Si buscas trabajo ¡Computrabajo es tu mejor aliado! Miles de ofertas de empleo están"
https://sv.computrabajo.com/empleos-de-marketing-y-ventas-en-san-miguel,Empleo de Ventas en San Miguel | Portal de empleo,,Tecnología,"Empleo de Ventas en San Miguel | Portal de empleo Buscar empleos Necesitamos tu autorización para saber dónde estás y ofrecerte las ofertas de trabajo locales. Cambia los permisos en la Configuración de tu navegador, en Privacidad y Seguridad, y autoriza a Computrabajo conocer tu localización. Mi ubicación Nuevo Ingresa y encuentra empleo con una mejor experiencia Ingresar Continúa con Google Buscar ofertas Mis postulaciones Mis favoritos Mis Alertas Login Crear CV Buscar Postulaciones Avisos Favoritos Menú Crear CV Buscar empresas Las mejores empresas para trabajar Salarios Compara los salarios Reclutadores ¡Únete a nosotros y publica ofertas gratis! Publica ofertas gratis Te ayudamos a encontrar un empleo mejor Consejos para encontrar empleo ¿Te avisamos si hay nuevas ofertas? No te pierdas ni una oportunidad laboral Ahora no Permitir Ordenar Ordenar por Relevancia Fecha Salario Fecha Fecha Urgente 440 Hoy 38 Últimos 3 días 81 Última semana 135 Últimos 15 días 364 Último mes 604 Lugar de trabajo Lugar de trabajo Remoto 7 Presencial y remoto 27 Departamento San Miguel 114 San Salvador 528 La Libertad 173 Santa Ana 65 Sonsonate 44 Usulután 27 Ahuachapán 25 Chalatenango 19 La Paz 16 Cuscatlán 11 La Unión 11 Cabañas 10 San Vicente 7 Morazán 2 Ciudad San Miguel 94 Quelepa 6 Moncagua 5 Chinameca 4 Ciudad Barrios 2 Nueva Guadalupe 2 El Tránsito 1 Limpiar Filtrar Experiencia Experiencia Sin Experiencia 113 1 año 430 2 años 231 3-4 años 131 5-10 años 37 Más de 10 años 2 Salario Sala"
https://sv.computrabajo.com/empleos-de-almacen-logistica-en-san-miguel,Empleo de Almacén / Logística / Transporte en San Miguel | Portal de empleo,,Tecnología,"Empleo de Almacén / Logística / Transporte en San Miguel | Portal de empleo Buscar empleos Necesitamos tu autorización para saber dónde estás y ofrecerte las ofertas de trabajo locales. Cambia los permisos en la Configuración de tu navegador, en Privacidad y Seguridad, y autoriza a Computrabajo conocer tu localización. Mi ubicación Nuevo Ingresa y encuentra empleo con una mejor experiencia Ingresar Continúa con Google Buscar ofertas Mis postulaciones Mis favoritos Mis Alertas Login Crear CV Buscar Postulaciones Avisos Favoritos Menú Crear CV Buscar empresas Las mejores empresas para trabajar Salarios Compara los salarios Reclutadores ¡Únete a nosotros y publica ofertas gratis! Publica ofertas gratis Te ayudamos a encontrar un empleo mejor Consejos para encontrar empleo ¿Te avisamos si hay nuevas ofertas? No te pierdas ni una oportunidad laboral Ahora no Permitir Ordenar Ordenar por Relevancia Fecha Salario Fecha Fecha Urgente 220 Hoy 16 Últimos 3 días 32 Última semana 61 Últimos 15 días 209 Último mes 351 Lugar de trabajo Lugar de trabajo Remoto 0 Presencial y remoto 4 Departamento San Miguel 40 San Salvador 303 La Libertad 186 Sonsonate 19 Santa Ana 16 La Paz 9 Cabañas 7 Chalatenango 7 Cuscatlán 4 La Unión 4 Usulután 3 Ahuachapán 2 San Vicente 2 Ciudad San Miguel 38 Moncagua 2 Limpiar Filtrar Experiencia Experiencia Sin Experiencia 81 1 año 247 2 años 113 3-4 años 63 5-10 años 20 Más de 10 años 1 Salario Salario Más de 200 USD Más de 300 USD Más de 400 USD Más de 500 USD Más"
https://sv.computrabajo.com/empleos-de-atencion-a-clientes-en-san-miguel,Empleo de Atención a clientes en San Miguel | Portal de empleo,,Tecnología,"Empleo de Atención a clientes en San Miguel | Portal de empleo Buscar empleos Necesitamos tu autorización para saber dónde estás y ofrecerte las ofertas de trabajo locales. Cambia los permisos en la Configuración de tu navegador, en Privacidad y Seguridad, y autoriza a Computrabajo conocer tu localización. Mi ubicación Nuevo Ingresa y encuentra empleo con una mejor experiencia Ingresar Continúa con Google Buscar ofertas Mis postulaciones Mis favoritos Mis Alertas Login Crear CV Buscar Postulaciones Avisos Favoritos Menú Crear CV Buscar empresas Las mejores empresas para trabajar Salarios Compara los salarios Reclutadores ¡Únete a nosotros y publica ofertas gratis! Publica ofertas gratis Te ayudamos a encontrar un empleo mejor Consejos para encontrar empleo ¿Te avisamos si hay nuevas ofertas? No te pierdas ni una oportunidad laboral Ahora no Permitir Ordenar Ordenar por Relevancia Fecha Salario Fecha Fecha Urgente 153 Hoy 4 Últimos 3 días 21 Última semana 53 Últimos 15 días 122 Último mes 196 Lugar de trabajo Lugar de trabajo Remoto 2 Presencial y remoto 2 Departamento San Miguel 37 San Salvador 177 La Libertad 86 Santa Ana 22 Cabañas 12 Sonsonate 10 La Paz 8 La Unión 7 Chalatenango 6 Ahuachapán 3 Cuscatlán 2 San Vicente 2 Usulután 2 Morazán 1 Ciudad San Miguel 30 Chapeltique 4 El Tránsito 1 Lolotique 1 San Luis de la Reina 1 Limpiar Filtrar Experiencia Experiencia Sin Experiencia 91 1 año 146 2 años 40 3-4 años 10 5-10 años 3 Salario Salario Más de 200 USD Más de 300 USD Más "
https://sv.computrabajo.com/empleos-de-economia-y-contabilidad-en-san-miguel,Empleo de Contabilidad / Finanzas en San Miguel | Portal de empleo,,Tecnología,"Empleo de Contabilidad / Finanzas en San Miguel | Portal de empleo Buscar empleos Necesitamos tu autorización para saber dónde estás y ofrecerte las ofertas de trabajo locales. Cambia los permisos en la Configuración de tu navegador, en Privacidad y Seguridad, y autoriza a Computrabajo conocer tu localización. Mi ubicación Nuevo Ingresa y encuentra empleo con una mejor experiencia Ingresar Continúa con Google Buscar ofertas Mis postulaciones Mis favoritos Mis Alertas Login Crear CV Buscar Postulaciones Avisos Favoritos Menú Crear CV Buscar empresas Las mejores empresas para trabajar Salarios Compara los salarios Reclutadores ¡Únete a nosotros y publica ofertas gratis! Publica ofertas gratis Te ayudamos a encontrar un empleo mejor Consejos para encontrar empleo ¿Te avisamos si hay nuevas ofertas? No te pierdas ni una oportunidad laboral Ahora no Permitir Ordenar Ordenar por Relevancia Fecha Salario Fecha Fecha Urgente 84 Hoy 7 Últimos 3 días 15 Última semana 29 Últimos 15 días 89 Último mes 160 Lugar de trabajo Lugar de trabajo Remoto 3 Presencial y remoto 6 Departamento San Miguel 7 San Salvador 184 La Libertad 79 Santa Ana 7 Usulután 5 Cabañas 3 La Paz 3 La Unión 2 Cuscatlán 1 San Vicente 1 Sonsonate 1 Ciudad San Miguel 7 Limpiar Filtrar Experiencia Experiencia Sin Experiencia 14 1 año 86 2 años 89 3-4 años 67 5-10 años 20 Salario Salario Más de 200 USD Más de 300 USD Más de 400 USD Más de 500 USD Más de 1000 USD Más de 1500 USD Más de 2000 USD Jornada Jornada Tiempo Complet"
https://sv.computrabajo.com/empleos-de-administracion-y-oficina-en-san-miguel,Empleo de Administración / Oficina en San Miguel | Portal de empleo,,Tecnología,"Empleo de Administración / Oficina en San Miguel | Portal de empleo Buscar empleos Necesitamos tu autorización para saber dónde estás y ofrecerte las ofertas de trabajo locales. Cambia los permisos en la Configuración de tu navegador, en Privacidad y Seguridad, y autoriza a Computrabajo conocer tu localización. Mi ubicación Nuevo Ingresa y encuentra empleo con una mejor experiencia Ingresar Continúa con Google Buscar ofertas Mis postulaciones Mis favoritos Mis Alertas Login Crear CV Buscar Postulaciones Avisos Favoritos Menú Crear CV Buscar empresas Las mejores empresas para trabajar Salarios Compara los salarios Reclutadores ¡Únete a nosotros y publica ofertas gratis! Publica ofertas gratis Te ayudamos a encontrar un empleo mejor Consejos para encontrar empleo ¿Te avisamos si hay nuevas ofertas? No te pierdas ni una oportunidad laboral Ahora no Permitir Ordenar Ordenar por Relevancia Fecha Salario Fecha Fecha Urgente 61 Hoy 4 Últimos 3 días 19 Última semana 40 Últimos 15 días 101 Último mes 156 Lugar de trabajo Lugar de trabajo Remoto 2 Presencial y remoto 5 Departamento San Miguel 13 San Salvador 206 La Libertad 40 Santa Ana 6 Sonsonate 5 Cuscatlán 3 La Paz 3 Ciudad San Miguel 12 Moncagua 1 Limpiar Filtrar Experiencia Experiencia Sin Experiencia 23 1 año 96 2 años 91 3-4 años 30 5-10 años 9 Más de 10 años 1 Salario Salario Más de 200 USD Más de 300 USD Más de 400 USD Más de 500 USD Más de 1000 USD Más de 1500 USD Más de 2000 USD Jornada Jornada Tiempo Completo 273 Medio Tie"
https://sv.computrabajo.com/empleos-de-produccion-operaciones-en-san-miguel,Empleo de Producción / Operarios / Manufactura en San Miguel | Portal de empleo,,Tecnología,"Empleo de Producción / Operarios / Manufactura en San Miguel | Portal de empleo Buscar empleos Necesitamos tu autorización para saber dónde estás y ofrecerte las ofertas de trabajo locales. Cambia los permisos en la Configuración de tu navegador, en Privacidad y Seguridad, y autoriza a Computrabajo conocer tu localización. Mi ubicación Nuevo Ingresa y encuentra empleo con una mejor experiencia Ingresar Continúa con Google Buscar ofertas Mis postulaciones Mis favoritos Mis Alertas Login Crear CV Buscar Postulaciones Avisos Favoritos Menú Crear CV Buscar empresas Las mejores empresas para trabajar Salarios Compara los salarios Reclutadores ¡Únete a nosotros y publica ofertas gratis! Publica ofertas gratis Te ayudamos a encontrar un empleo mejor Consejos para encontrar empleo ¿Te avisamos si hay nuevas ofertas? No te pierdas ni una oportunidad laboral Ahora no Permitir Ordenar Ordenar por Relevancia Fecha Salario Fecha Fecha Urgente 79 Hoy 5 Últimos 3 días 16 Última semana 30 Últimos 15 días 82 Último mes 157 Lugar de trabajo Lugar de trabajo Remoto 0 Presencial y remoto 0 Departamento San Miguel 23 San Salvador 141 La Libertad 88 La Paz 10 Santa Ana 7 Chalatenango 2 Cabañas 1 Cuscatlán 1 La Unión 1 Morazán 1 Ciudad San Miguel 23 Limpiar Filtrar Experiencia Experiencia Sin Experiencia 54 1 año 96 2 años 47 3-4 años 30 5-10 años 12 Salario Salario Más de 200 USD Más de 300 USD Más de 400 USD Más de 500 USD Más de 1000 USD Más de 1500 USD Más de 2000 USD Jornada Jornada Tiempo Com"
https://sv.computrabajo.com/empleos-de-mantenimiento-y-reparaciones-tecnicas-en-san-miguel,Empleo de Mantenimiento y Reparaciones Técnicas en San Miguel | Portal de empleo,,Tecnología,"Empleo de Mantenimiento y Reparaciones Técnicas en San Miguel | Portal de empleo Buscar empleos Necesitamos tu autorización para saber dónde estás y ofrecerte las ofertas de trabajo locales. Cambia los permisos en la Configuración de tu navegador, en Privacidad y Seguridad, y autoriza a Computrabajo conocer tu localización. Mi ubicación Nuevo Ingresa y encuentra empleo con una mejor experiencia Ingresar Continúa con Google Buscar ofertas Mis postulaciones Mis favoritos Mis Alertas Login Crear CV Buscar Postulaciones Avisos Favoritos Menú Crear CV Buscar empresas Las mejores empresas para trabajar Salarios Compara los salarios Reclutadores ¡Únete a nosotros y publica ofertas gratis! Publica ofertas gratis Te ayudamos a encontrar un empleo mejor Consejos para encontrar empleo ¿Te avisamos si hay nuevas ofertas? No te pierdas ni una oportunidad laboral Ahora no Permitir Ordenar Ordenar por Relevancia Fecha Salario Fecha Fecha Urgente 103 Hoy 2 Últimos 3 días 18 Última semana 31 Últimos 15 días 83 Último mes 149 Lugar de trabajo Lugar de trabajo Remoto 0 Presencial y remoto 3 Departamento San Miguel 19 San Salvador 169 La Libertad 60 Santa Ana 7 Sonsonate 7 La Unión 5 Usulután 4 Ahuachapán 1 Morazán 1 San Vicente 1 Ciudad San Miguel 16 El Tránsito 2 Quelepa 1 Limpiar Filtrar Experiencia Experiencia Sin Experiencia 37 1 año 93 2 años 74 3-4 años 42 5-10 años 7 Más de 10 años 5 Salario Salario Más de 200 USD Más de 300 USD Más de 400 USD Más de 500 USD Más de 1000 USD Más de 1500 U"
https://sv.computrabajo.com/empleos-de-otros-en-san-miguel,Empleo de Otros en San Miguel | Portal de empleo,,Tecnología,"Empleo de Otros en San Miguel | Portal de empleo Buscar empleos Necesitamos tu autorización para saber dónde estás y ofrecerte las ofertas de trabajo locales. Cambia los permisos en la Configuración de tu navegador, en Privacidad y Seguridad, y autoriza a Computrabajo conocer tu localización. Mi ubicación Nuevo Ingresa y encuentra empleo con una mejor experiencia Ingresar Continúa con Google Buscar ofertas Mis postulaciones Mis favoritos Mis Alertas Login Crear CV Buscar Postulaciones Avisos Favoritos Menú Crear CV Buscar empresas Las mejores empresas para trabajar Salarios Compara los salarios Reclutadores ¡Únete a nosotros y publica ofertas gratis! Publica ofertas gratis Te ayudamos a encontrar un empleo mejor Consejos para encontrar empleo ¿Te avisamos si hay nuevas ofertas? No te pierdas ni una oportunidad laboral Ahora no Permitir Ordenar Ordenar por Relevancia Fecha Salario Fecha Fecha Urgente 82 Hoy 2 Últimos 3 días 10 Última semana 23 Últimos 15 días 60 Último mes 110 Lugar de trabajo Lugar de trabajo Remoto 0 Presencial y remoto 2 Departamento San Miguel 14 San Salvador 127 La Libertad 52 Santa Ana 5 Cuscatlán 4 La Paz 3 La Unión 3 Ahuachapán 1 Chalatenango 1 Morazán 1 Sonsonate 1 Usulután 1 Ciudad San Miguel 9 Quelepa 5 Limpiar Filtrar Experiencia Experiencia Sin Experiencia 46 1 año 60 2 años 42 3-4 años 26 5-10 años 3 Más de 10 años 2 Salario Salario Más de 200 USD Más de 300 USD Más de 400 USD Más de 500 USD Más de 1000 USD Más de 1500 USD Más de 2000 USD Jornada"
https://sv.computrabajo.com/empleos-de-hosteleria-y-turismo-en-san-miguel,Empleo de Hostelería / Turismo en San Miguel | Portal de empleo,,Tecnología,"Empleo de Hostelería / Turismo en San Miguel | Portal de empleo Buscar empleos Necesitamos tu autorización para saber dónde estás y ofrecerte las ofertas de trabajo locales. Cambia los permisos en la Configuración de tu navegador, en Privacidad y Seguridad, y autoriza a Computrabajo conocer tu localización. Mi ubicación Nuevo Ingresa y encuentra empleo con una mejor experiencia Ingresar Continúa con Google Buscar ofertas Mis postulaciones Mis favoritos Mis Alertas Login Crear CV Buscar Postulaciones Avisos Favoritos Menú Crear CV Buscar empresas Las mejores empresas para trabajar Salarios Compara los salarios Reclutadores ¡Únete a nosotros y publica ofertas gratis! Publica ofertas gratis Te ayudamos a encontrar un empleo mejor Consejos para encontrar empleo ¿Te avisamos si hay nuevas ofertas? No te pierdas ni una oportunidad laboral Ahora no Permitir Ordenar Ordenar por Relevancia Fecha Salario Fecha Fecha Urgente 63 Hoy 1 Últimos 3 días 10 Última semana 23 Últimos 15 días 55 Último mes 85 Lugar de trabajo Lugar de trabajo Remoto 0 Presencial y remoto 1 Departamento San Miguel 6 San Salvador 100 La Libertad 45 La Unión 4 La Paz 3 Ahuachapán 2 San Vicente 2 Usulután 2 Cabañas 1 Chalatenango 1 Santa Ana 1 Sonsonate 1 Ciudad San Miguel 4 Moncagua 1 Quelepa 1 Limpiar Filtrar Experiencia Experiencia Sin Experiencia 46 1 año 49 2 años 19 3-4 años 11 5-10 años 6 Más de 10 años 5 Salario Salario Más de 200 USD Más de 300 USD Más de 400 USD Más de 500 USD Más de 1000 USD Más de 1500 U"
https://sv.computrabajo.com/empleos-de-construccion-y-obra-en-san-miguel,Empleo de Construcción y obra en San Miguel | Portal de empleo,,Tecnología,"Empleo de Construcción y obra en San Miguel | Portal de empleo Buscar empleos Necesitamos tu autorización para saber dónde estás y ofrecerte las ofertas de trabajo locales. Cambia los permisos en la Configuración de tu navegador, en Privacidad y Seguridad, y autoriza a Computrabajo conocer tu localización. Mi ubicación Nuevo Ingresa y encuentra empleo con una mejor experiencia Ingresar Continúa con Google Buscar ofertas Mis postulaciones Mis favoritos Mis Alertas Login Crear CV Buscar Postulaciones Avisos Favoritos Menú Crear CV Buscar empresas Las mejores empresas para trabajar Salarios Compara los salarios Reclutadores ¡Únete a nosotros y publica ofertas gratis! Publica ofertas gratis Te ayudamos a encontrar un empleo mejor Consejos para encontrar empleo ¿Te avisamos si hay nuevas ofertas? No te pierdas ni una oportunidad laboral Ahora no Permitir Ordenar Ordenar por Relevancia Fecha Salario Fecha Fecha Urgente 46 Hoy 4 Últimos 3 días 8 Última semana 19 Últimos 15 días 40 Último mes 81 Lugar de trabajo Lugar de trabajo Remoto 0 Presencial y remoto 2 Departamento San Miguel 10 San Salvador 97 La Libertad 38 La Paz 7 Santa Ana 4 Sonsonate 4 Cuscatlán 3 Usulután 2 Ahuachapán 1 Cabañas 1 La Unión 1 Ciudad San Miguel 9 Chapeltique 1 Limpiar Filtrar Experiencia Experiencia Sin Experiencia 9 1 año 41 2 años 38 3-4 años 54 5-10 años 14 Más de 10 años 2 Salario Salario Más de 200 USD Más de 300 USD Más de 400 USD Más de 500 USD Más de 1000 USD Más de 1500 USD Más de 2000 USD Jornada"
https://sv.computrabajo.com/empleos-de-servicios-generales-aseo-y-seguridad-en-san-miguel,"Empleo de Servicios Generales, Aseo y Seguridad  en San Miguel | Portal de empleo",,Tecnología,"Empleo de Servicios Generales, Aseo y Seguridad  en San Miguel | Portal de empleo Buscar empleos Necesitamos tu autorización para saber dónde estás y ofrecerte las ofertas de trabajo locales. Cambia los permisos en la Configuración de tu navegador, en Privacidad y Seguridad, y autoriza a Computrabajo conocer tu localización. Mi ubicación Nuevo Ingresa y encuentra empleo con una mejor experiencia Ingresar Continúa con Google Buscar ofertas Mis postulaciones Mis favoritos Mis Alertas Login Crear CV Buscar Postulaciones Avisos Favoritos Menú Crear CV Buscar empresas Las mejores empresas para trabajar Salarios Compara los salarios Reclutadores ¡Únete a nosotros y publica ofertas gratis! Publica ofertas gratis Te ayudamos a encontrar un empleo mejor Consejos para encontrar empleo ¿Te avisamos si hay nuevas ofertas? No te pierdas ni una oportunidad laboral Ahora no Permitir Ordenar Ordenar por Relevancia Fecha Salario Fecha Fecha Urgente 33 Hoy 9 Últimos 3 días 12 Última semana 19 Últimos 15 días 39 Último mes 74 Lugar de trabajo Lugar de trabajo Remoto 0 Presencial y remoto 2 Departamento San Miguel 4 San Salvador 82 La Libertad 30 La Paz 4 Santa Ana 3 Cuscatlán 1 Morazán 1 San Vicente 1 Ciudad San Miguel 3 Uluazapa 1 Limpiar Filtrar Experiencia Experiencia Sin Experiencia 21 1 año 49 2 años 20 3-4 años 5 5-10 años 2 Salario Salario Más de 200 USD Más de 300 USD Más de 400 USD Más de 500 USD Más de 1000 USD Jornada Jornada Tiempo Completo 120 Medio Tiempo 6 Contrato Contrato Contr"
https://sv.computrabajo.com/empleos-de-informatica-y-telecom-en-san-miguel,Empleo de Informática / Telecomunicaciones en San Miguel | Portal de empleo,,Tecnología,"Empleo de Informática / Telecomunicaciones en San Miguel | Portal de empleo Buscar empleos Necesitamos tu autorización para saber dónde estás y ofrecerte las ofertas de trabajo locales. Cambia los permisos en la Configuración de tu navegador, en Privacidad y Seguridad, y autoriza a Computrabajo conocer tu localización. Mi ubicación Nuevo Ingresa y encuentra empleo con una mejor experiencia Ingresar Continúa con Google Buscar ofertas Mis postulaciones Mis favoritos Mis Alertas Login Crear CV Buscar Postulaciones Avisos Favoritos Menú Crear CV Buscar empresas Las mejores empresas para trabajar Salarios Compara los salarios Reclutadores ¡Únete a nosotros y publica ofertas gratis! Publica ofertas gratis Te ayudamos a encontrar un empleo mejor Consejos para encontrar empleo ¿Te avisamos si hay nuevas ofertas? No te pierdas ni una oportunidad laboral Ahora no Permitir Ordenar Ordenar por Relevancia Fecha Salario Fecha Fecha Urgente 42 Hoy 4 Últimos 3 días 5 Última semana 11 Últimos 15 días 39 Último mes 59 Lugar de trabajo Lugar de trabajo Remoto 3 Presencial y remoto 30 Departamento San Miguel 5 San Salvador 83 La Libertad 16 Santa Ana 3 Sonsonate 3 La Paz 1 San Vicente 1 Usulután 1 Ciudad San Miguel 5 Limpiar Filtrar Experiencia Experiencia Sin Experiencia 7 1 año 39 2 años 36 3-4 años 20 5-10 años 3 Salario Salario Más de 200 USD Más de 300 USD Más de 400 USD Más de 500 USD Más de 1000 USD Más de 1500 USD Más de 2000 USD Jornada Jornada Tiempo Completo 112 Por Horas 1 Contrato C"
https://sv.computrabajo.com/empleos-de-ingenieria-y-tecnico-en-san-miguel,Empleo de Ingeniería en San Miguel | Portal de empleo,,Tecnología,"Empleo de Ingeniería en San Miguel | Portal de empleo Buscar empleos Necesitamos tu autorización para saber dónde estás y ofrecerte las ofertas de trabajo locales. Cambia los permisos en la Configuración de tu navegador, en Privacidad y Seguridad, y autoriza a Computrabajo conocer tu localización. Mi ubicación Nuevo Ingresa y encuentra empleo con una mejor experiencia Ingresar Continúa con Google Buscar ofertas Mis postulaciones Mis favoritos Mis Alertas Login Crear CV Buscar Postulaciones Avisos Favoritos Menú Crear CV Buscar empresas Las mejores empresas para trabajar Salarios Compara los salarios Reclutadores ¡Únete a nosotros y publica ofertas gratis! Publica ofertas gratis Te ayudamos a encontrar un empleo mejor Consejos para encontrar empleo ¿Te avisamos si hay nuevas ofertas? No te pierdas ni una oportunidad laboral Ahora no Permitir Ordenar Ordenar por Relevancia Fecha Salario Fecha Fecha Urgente 44 Últimos 3 días 7 Última semana 14 Últimos 15 días 25 Último mes 51 Lugar de trabajo Lugar de trabajo Remoto 1 Presencial y remoto 13 Departamento San Miguel 5 San Salvador 74 La Libertad 23 Santa Ana 4 Usulután 1 Ciudad San Miguel 5 Limpiar Filtrar Experiencia Experiencia Sin Experiencia 5 1 año 41 2 años 26 3-4 años 25 5-10 años 5 Más de 10 años 3 Salario Salario Más de 400 USD Más de 500 USD Más de 1000 USD Más de 1500 USD Más de 2000 USD Jornada Jornada Tiempo Completo 107 Contrato Contrato Contrato por tiempo indefinido 98 Contrato por tiempo determinado 9 Discapacidad"
https://sv.computrabajo.com/empleos-de-callcenter-telemercadeo-en-san-miguel,Empleo de CallCenter / Telemercadeo en San Miguel | Portal de empleo,,Tecnología,"Empleo de CallCenter / Telemercadeo en San Miguel | Portal de empleo Buscar empleos Necesitamos tu autorización para saber dónde estás y ofrecerte las ofertas de trabajo locales. Cambia los permisos en la Configuración de tu navegador, en Privacidad y Seguridad, y autoriza a Computrabajo conocer tu localización. Mi ubicación Nuevo Ingresa y encuentra empleo con una mejor experiencia Ingresar Continúa con Google Buscar ofertas Mis postulaciones Mis favoritos Mis Alertas Login Crear CV Buscar Postulaciones Avisos Favoritos Menú Crear CV Buscar empresas Las mejores empresas para trabajar Salarios Compara los salarios Reclutadores ¡Únete a nosotros y publica ofertas gratis! Publica ofertas gratis Te ayudamos a encontrar un empleo mejor Consejos para encontrar empleo ¿Te avisamos si hay nuevas ofertas? No te pierdas ni una oportunidad laboral Ahora no Permitir Ordenar Ordenar por Relevancia Fecha Salario Fecha Fecha Urgente 37 Últimos 3 días 2 Última semana 9 Últimos 15 días 18 Último mes 50 Lugar de trabajo Lugar de trabajo Remoto 0 Presencial y remoto 4 Departamento San Miguel 1 San Salvador 82 La Libertad 14 Sonsonate 2 Ciudad San Miguel 1 Limpiar Filtrar Experiencia Experiencia Sin Experiencia 19 1 año 39 2 años 12 3-4 años 2 Salario Salario Más de 200 USD Más de 300 USD Más de 400 USD Más de 500 USD Más de 1000 USD Jornada Jornada Tiempo Completo 97 Medio Tiempo 1 Por Horas 1 Contrato Contrato Contrato por tiempo indefinido 89 Otro tipo de contrato 6 Contrato por tiempo deter"
https://sv.computrabajo.com/empleos-de-mercadeo-publicidad-comunicacion-en-san-miguel,Empleo de Mercadotecnia / Publicidad / Comunicación en San Miguel | Portal de empleo,,Tecnología,"Empleo de Mercadotecnia / Publicidad / Comunicación en San Miguel | Portal de empleo Buscar empleos Necesitamos tu autorización para saber dónde estás y ofrecerte las ofertas de trabajo locales. Cambia los permisos en la Configuración de tu navegador, en Privacidad y Seguridad, y autoriza a Computrabajo conocer tu localización. Mi ubicación Nuevo Ingresa y encuentra empleo con una mejor experiencia Ingresar Continúa con Google Buscar ofertas Mis postulaciones Mis favoritos Mis Alertas Login Crear CV Buscar Postulaciones Avisos Favoritos Menú Crear CV Buscar empresas Las mejores empresas para trabajar Salarios Compara los salarios Reclutadores ¡Únete a nosotros y publica ofertas gratis! Publica ofertas gratis Te ayudamos a encontrar un empleo mejor Consejos para encontrar empleo ¿Te avisamos si hay nuevas ofertas? No te pierdas ni una oportunidad laboral Ahora no Permitir Ordenar Ordenar por Relevancia Fecha Salario Fecha Fecha Urgente 40 Hoy 4 Últimos 3 días 6 Última semana 16 Últimos 15 días 29 Último mes 47 Lugar de trabajo Lugar de trabajo Remoto 4 Presencial y remoto 2 Departamento San Miguel 6 San Salvador 56 La Libertad 11 Ahuachapán 9 Santa Ana 5 La Paz 2 Chalatenango 1 Usulután 1 Ciudad San Miguel 5 Moncagua 1 Limpiar Filtrar Experiencia Experiencia Sin Experiencia 6 1 año 23 2 años 30 3-4 años 18 5-10 años 4 Salario Salario Más de 200 USD Más de 300 USD Más de 400 USD Más de 500 USD Más de 1000 USD Más de 1500 USD Más de 2000 USD Jornada Jornada Tiempo Completo 88 Be"
https://sv.computrabajo.com/empleos-de-medicina-y-salud-en-san-miguel,Empleo de Medicina / Salud en San Miguel | Portal de empleo,,Tecnología,"Empleo de Medicina / Salud en San Miguel | Portal de empleo Buscar empleos Necesitamos tu autorización para saber dónde estás y ofrecerte las ofertas de trabajo locales. Cambia los permisos en la Configuración de tu navegador, en Privacidad y Seguridad, y autoriza a Computrabajo conocer tu localización. Mi ubicación Nuevo Ingresa y encuentra empleo con una mejor experiencia Ingresar Continúa con Google Buscar ofertas Mis postulaciones Mis favoritos Mis Alertas Login Crear CV Buscar Postulaciones Avisos Favoritos Menú Crear CV Buscar empresas Las mejores empresas para trabajar Salarios Compara los salarios Reclutadores ¡Únete a nosotros y publica ofertas gratis! Publica ofertas gratis Te ayudamos a encontrar un empleo mejor Consejos para encontrar empleo ¿Te avisamos si hay nuevas ofertas? No te pierdas ni una oportunidad laboral Ahora no Permitir Ordenar Ordenar por Relevancia Fecha Salario Fecha Fecha Urgente 20 Hoy 1 Últimos 3 días 6 Última semana 11 Últimos 15 días 25 Último mes 44 Lugar de trabajo Lugar de trabajo Remoto 5 Presencial y remoto 1 Departamento San Miguel 1 San Salvador 69 La Libertad 11 Santa Ana 4 La Paz 2 Ciudad San Miguel 1 Limpiar Filtrar Experiencia Experiencia Sin Experiencia 5 1 año 36 2 años 26 3-4 años 7 5-10 años 6 Salario Salario Más de 200 USD Más de 300 USD Más de 400 USD Más de 500 USD Más de 1000 USD Más de 1500 USD Más de 2000 USD Jornada Jornada Tiempo Completo 74 Por Horas 8 Medio Tiempo 5 Contrato Contrato Contrato por tiempo indefinido 66"
https://sv.computrabajo.com/empleos-de-recursos-humanos-en-san-miguel,Empleo de Recursos Humanos en San Miguel | Portal de empleo,,Tecnología,"Empleo de Recursos Humanos en San Miguel | Portal de empleo Buscar empleos Necesitamos tu autorización para saber dónde estás y ofrecerte las ofertas de trabajo locales. Cambia los permisos en la Configuración de tu navegador, en Privacidad y Seguridad, y autoriza a Computrabajo conocer tu localización. Mi ubicación Nuevo Ingresa y encuentra empleo con una mejor experiencia Ingresar Continúa con Google Buscar ofertas Mis postulaciones Mis favoritos Mis Alertas Login Crear CV Buscar Postulaciones Avisos Favoritos Menú Crear CV Buscar empresas Las mejores empresas para trabajar Salarios Compara los salarios Reclutadores ¡Únete a nosotros y publica ofertas gratis! Publica ofertas gratis Te ayudamos a encontrar un empleo mejor Consejos para encontrar empleo ¿Te avisamos si hay nuevas ofertas? No te pierdas ni una oportunidad laboral Ahora no Permitir Ordenar Ordenar por Relevancia Fecha Salario Fecha Fecha Urgente 40 Hoy 1 Últimos 3 días 7 Última semana 10 Últimos 15 días 32 Último mes 55 Lugar de trabajo Lugar de trabajo Remoto 1 Presencial y remoto 2 Departamento San Miguel 2 San Salvador 63 La Libertad 19 La Paz 1 La Unión 1 Santa Ana 1 Ciudad Quelepa 1 San Miguel 1 Limpiar Filtrar Experiencia Experiencia Sin Experiencia 9 1 año 35 2 años 22 3-4 años 10 5-10 años 6 Salario Salario Más de 200 USD Más de 300 USD Más de 400 USD Más de 500 USD Más de 1000 USD Más de 2000 USD Jornada Jornada Tiempo Completo 83 Medio Tiempo 2 Beca/Prácticas 2 Contrato Contrato Contrato por tiempo in"
https://sv.computrabajo.com/empleos-de-cientifico-y-investigacion-en-san-miguel,Empleo de Investigación y Calidad en San Miguel | Portal de empleo,,Tecnología,"Empleo de Investigación y Calidad en San Miguel | Portal de empleo Buscar empleos Necesitamos tu autorización para saber dónde estás y ofrecerte las ofertas de trabajo locales. Cambia los permisos en la Configuración de tu navegador, en Privacidad y Seguridad, y autoriza a Computrabajo conocer tu localización. Mi ubicación Nuevo Ingresa y encuentra empleo con una mejor experiencia Ingresar Continúa con Google Buscar ofertas Mis postulaciones Mis favoritos Mis Alertas Login Crear CV Buscar Postulaciones Avisos Favoritos Menú Crear CV Buscar empresas Las mejores empresas para trabajar Salarios Compara los salarios Reclutadores ¡Únete a nosotros y publica ofertas gratis! Publica ofertas gratis Te ayudamos a encontrar un empleo mejor Consejos para encontrar empleo ¿Te avisamos si hay nuevas ofertas? No te pierdas ni una oportunidad laboral Ahora no Permitir Ordenar Ordenar por Relevancia Fecha Salario Fecha Fecha Urgente 16 Últimos 3 días 1 Última semana 3 Últimos 15 días 11 Último mes 18 Lugar de trabajo Lugar de trabajo Remoto 0 Presencial y remoto 0 Departamento San Miguel 1 San Salvador 16 La Libertad 14 Chalatenango 1 La Paz 1 Ciudad San Miguel 1 Limpiar Filtrar Experiencia Experiencia Sin Experiencia 2 1 año 18 2 años 5 3-4 años 4 5-10 años 2 Salario Salario Más de 200 USD Más de 300 USD Más de 400 USD Más de 500 USD Más de 1000 USD Jornada Jornada Tiempo Completo 33 Contrato Contrato Contrato por tiempo indefinido 31 Contrato por tiempo determinado 2 Discapacidad Discapaci"
https://sv.computrabajo.com/empleos-de-arte-y-diseno-y-medios-en-san-miguel,Empleo de Diseño / Artes gráficas en San Miguel | Portal de empleo,,Tecnología,"Empleo de Diseño / Artes gráficas en San Miguel | Portal de empleo Buscar empleos Necesitamos tu autorización para saber dónde estás y ofrecerte las ofertas de trabajo locales. Cambia los permisos en la Configuración de tu navegador, en Privacidad y Seguridad, y autoriza a Computrabajo conocer tu localización. Mi ubicación Nuevo Ingresa y encuentra empleo con una mejor experiencia Ingresar Continúa con Google Buscar ofertas Mis postulaciones Mis favoritos Mis Alertas Login Crear CV Buscar Postulaciones Avisos Favoritos Menú Crear CV Buscar empresas Las mejores empresas para trabajar Salarios Compara los salarios Reclutadores ¡Únete a nosotros y publica ofertas gratis! Publica ofertas gratis Te ayudamos a encontrar un empleo mejor Consejos para encontrar empleo ¿Te avisamos si hay nuevas ofertas? No te pierdas ni una oportunidad laboral Ahora no Permitir Ordenar Ordenar por Relevancia Fecha Salario Fecha Fecha Urgente 12 Hoy 2 Últimos 3 días 2 Última semana 3 Últimos 15 días 4 Último mes 13 Lugar de trabajo Lugar de trabajo Remoto 2 Presencial y remoto 4 Departamento San Salvador 16 La Libertad 13 Extranjero 1 Sonsonate 1 Ciudad Limpiar Filtrar Experiencia Experiencia Sin Experiencia 5 1 año 12 2 años 2 3-4 años 7 5-10 años 1 Salario Salario Más de 200 USD Más de 300 USD Más de 400 USD Más de 500 USD Más de 1000 USD Más de 1500 USD Jornada Jornada Tiempo Completo 28 Medio Tiempo 1 Por Horas 1 Beca/Prácticas 1 Contrato Contrato Contrato por tiempo indefinido 23 Contrato por tie"
https://sv.computrabajo.com/empleos-de-compras-comercio-exterior-en-san-miguel,Empleo de Compras / Comercio Exterior en San Miguel | Portal de empleo,,Tecnología,"Empleo de Compras / Comercio Exterior en San Miguel | Portal de empleo Buscar empleos Necesitamos tu autorización para saber dónde estás y ofrecerte las ofertas de trabajo locales. Cambia los permisos en la Configuración de tu navegador, en Privacidad y Seguridad, y autoriza a Computrabajo conocer tu localización. Mi ubicación Nuevo Ingresa y encuentra empleo con una mejor experiencia Ingresar Continúa con Google Buscar ofertas Mis postulaciones Mis favoritos Mis Alertas Login Crear CV Buscar Postulaciones Avisos Favoritos Menú Crear CV Buscar empresas Las mejores empresas para trabajar Salarios Compara los salarios Reclutadores ¡Únete a nosotros y publica ofertas gratis! Publica ofertas gratis Te ayudamos a encontrar un empleo mejor Consejos para encontrar empleo ¿Te avisamos si hay nuevas ofertas? No te pierdas ni una oportunidad laboral Ahora no Permitir Ordenar Ordenar por Relevancia Fecha Salario Fecha Fecha Urgente 15 Hoy 2 Últimos 3 días 3 Última semana 4 Últimos 15 días 9 Último mes 15 Lugar de trabajo Lugar de trabajo Remoto 1 Presencial y remoto 0 Departamento San Salvador 16 La Libertad 12 Santa Ana 1 Ciudad Limpiar Filtrar Experiencia Experiencia Sin Experiencia 4 1 año 9 2 años 9 3-4 años 5 5-10 años 2 Salario Salario Más de 300 USD Más de 400 USD Más de 500 USD Más de 1000 USD Más de 2000 USD Jornada Jornada Tiempo Completo 29 Contrato Contrato Contrato por tiempo indefinido 28 Contrato por tiempo determinado 1 Discapacidad Discapacidad Sí No 1 Ofertas de trabaj"
https://sv.computrabajo.com/empleos-de-educacion-y-universidad-en-san-miguel,Empleo de Docencia en San Miguel | Portal de empleo,,Tecnología,"Empleo de Docencia en San Miguel | Portal de empleo Buscar empleos Necesitamos tu autorización para saber dónde estás y ofrecerte las ofertas de trabajo locales. Cambia los permisos en la Configuración de tu navegador, en Privacidad y Seguridad, y autoriza a Computrabajo conocer tu localización. Mi ubicación Nuevo Ingresa y encuentra empleo con una mejor experiencia Ingresar Continúa con Google Buscar ofertas Mis postulaciones Mis favoritos Mis Alertas Login Crear CV Buscar Postulaciones Avisos Favoritos Menú Crear CV Buscar empresas Las mejores empresas para trabajar Salarios Compara los salarios Reclutadores ¡Únete a nosotros y publica ofertas gratis! Publica ofertas gratis Te ayudamos a encontrar un empleo mejor Consejos para encontrar empleo ¿Te avisamos si hay nuevas ofertas? No te pierdas ni una oportunidad laboral Ahora no Permitir Ordenar Ordenar por Relevancia Fecha Salario Fecha Fecha Urgente 4 Hoy 3 Últimos 3 días 4 Última semana 6 Últimos 15 días 11 Último mes 20 Lugar de trabajo Lugar de trabajo Remoto 3 Presencial y remoto 0 Departamento San Salvador 19 La Libertad 6 Santa Ana 2 Ciudad Limpiar Filtrar Experiencia Experiencia Sin Experiencia 2 1 año 13 2 años 7 3-4 años 3 5-10 años 2 Salario Salario Más de 200 USD Más de 300 USD Más de 400 USD Más de 500 USD Jornada Jornada Tiempo Completo 19 Medio Tiempo 6 Por Horas 2 Contrato Contrato Contrato por tiempo indefinido 22 Contrato por tiempo determinado 3 Contrato de obra o labor 1 Otro tipo de contrato 1 Discapaci"
https://sv.computrabajo.com/empleos-de-direccion-y-gerencia-en-san-miguel,Empleo de Dirección / Gerencia en San Miguel | Portal de empleo,,Tecnología,"Empleo de Dirección / Gerencia en San Miguel | Portal de empleo Buscar empleos Necesitamos tu autorización para saber dónde estás y ofrecerte las ofertas de trabajo locales. Cambia los permisos en la Configuración de tu navegador, en Privacidad y Seguridad, y autoriza a Computrabajo conocer tu localización. Mi ubicación Nuevo Ingresa y encuentra empleo con una mejor experiencia Ingresar Continúa con Google Buscar ofertas Mis postulaciones Mis favoritos Mis Alertas Login Crear CV Buscar Postulaciones Avisos Favoritos Menú Crear CV Buscar empresas Las mejores empresas para trabajar Salarios Compara los salarios Reclutadores ¡Únete a nosotros y publica ofertas gratis! Publica ofertas gratis Te ayudamos a encontrar un empleo mejor Consejos para encontrar empleo ¿Te avisamos si hay nuevas ofertas? No te pierdas ni una oportunidad laboral Ahora no Permitir Ordenar Ordenar por Relevancia Fecha Salario Fecha Fecha Urgente 5 Hoy 5 Últimos 3 días 5 Última semana 8 Últimos 15 días 9 Último mes 12 Lugar de trabajo Lugar de trabajo Remoto 0 Presencial y remoto 0 Departamento San Miguel 4 San Salvador 7 La Libertad 6 La Paz 2 La Unión 1 San Vicente 1 Usulután 1 Ciudad San Miguel 4 Limpiar Filtrar Experiencia Experiencia Sin Experiencia 1 1 año 4 2 años 5 3-4 años 10 5-10 años 1 Salario Salario Más de 400 USD Más de 500 USD Más de 1000 USD Más de 1500 USD Más de 2000 USD Jornada Jornada Tiempo Completo 22 Contrato Contrato Contrato por tiempo indefinido 22 Discapacidad Discapacidad Sí No 4 "
https://sv.computrabajo.com/empleos-en-san-salvador,Buscar empleo en San Salvador | Computrabajo El Salvador,,Tecnología,"Buscar empleo en San Salvador | Computrabajo El Salvador Buscar empleos Necesitamos tu autorización para saber dónde estás y ofrecerte las ofertas de trabajo locales. Cambia los permisos en la Configuración de tu navegador, en Privacidad y Seguridad, y autoriza a Computrabajo conocer tu localización. Mi ubicación Nuevo Ingresa y encuentra empleo con una mejor experiencia Ingresar Continúa con Google Buscar ofertas Mis postulaciones Mis favoritos Mis Alertas Login Crear CV Buscar Postulaciones Avisos Favoritos Menú Crear CV Buscar empresas Las mejores empresas para trabajar Salarios Compara los salarios Reclutadores ¡Únete a nosotros y publica ofertas gratis! Publica ofertas gratis Te ayudamos a encontrar un empleo mejor Consejos para encontrar empleo ¿Te avisamos si hay nuevas ofertas? No te pierdas ni una oportunidad laboral Ahora no Permitir Ordenar Ordenar por Relevancia Fecha Salario Fecha Fecha Urgente 1,651 Hoy 114 Últimos 3 días 291 Última semana 559 Últimos 15 días 1,464 Último mes 2,521 Categoría Categoría Ventas 1,052 Almacén / Logística / Transporte 602 Atención a clientes 375 Contabilidad / Finanzas 293 Administración / Oficina 276 Producción / Operarios / Manufactura 275 Mantenimiento y Reparaciones Técnicas 274 Otros 213 Hostelería / Turismo 168 Construcción y obra 168 Servicios Generales, Aseo y Seguridad 126 Informática / Telecomunicaciones 113 Ingeniería 107 CallCenter / Telemercadeo 99 Mercadotecnia / Publicidad / Comunicación 91 Medicina / Salud 88 Recursos"
https://sv.computrabajo.com/empleos-en-la-libertad,Buscar empleo en La Libertad | Computrabajo El Salvador,,Tecnología,"Buscar empleo en La Libertad | Computrabajo El Salvador Buscar empleos Necesitamos tu autorización para saber dónde estás y ofrecerte las ofertas de trabajo locales. Cambia los permisos en la Configuración de tu navegador, en Privacidad y Seguridad, y autoriza a Computrabajo conocer tu localización. Mi ubicación Nuevo Ingresa y encuentra empleo con una mejor experiencia Ingresar Continúa con Google Buscar ofertas Mis postulaciones Mis favoritos Mis Alertas Login Crear CV Buscar Postulaciones Avisos Favoritos Menú Crear CV Buscar empresas Las mejores empresas para trabajar Salarios Compara los salarios Reclutadores ¡Únete a nosotros y publica ofertas gratis! Publica ofertas gratis Te ayudamos a encontrar un empleo mejor Consejos para encontrar empleo ¿Te avisamos si hay nuevas ofertas? No te pierdas ni una oportunidad laboral Ahora no Permitir Ordenar Ordenar por Relevancia Fecha Salario Fecha Fecha Urgente 1,651 Hoy 114 Últimos 3 días 291 Última semana 559 Últimos 15 días 1,464 Último mes 2,521 Categoría Categoría Ventas 1,052 Almacén / Logística / Transporte 602 Atención a clientes 375 Contabilidad / Finanzas 293 Administración / Oficina 276 Producción / Operarios / Manufactura 275 Mantenimiento y Reparaciones Técnicas 274 Otros 213 Hostelería / Turismo 168 Construcción y obra 168 Servicios Generales, Aseo y Seguridad 126 Informática / Telecomunicaciones 113 Ingeniería 107 CallCenter / Telemercadeo 99 Mercadotecnia / Publicidad / Comunicación 91 Medicina / Salud 88 Recursos "
https://sv.computrabajo.com/empleos-en-santa-ana,Buscar empleo en Santa Ana | Computrabajo El Salvador,,Tecnología,"Buscar empleo en Santa Ana | Computrabajo El Salvador Buscar empleos Necesitamos tu autorización para saber dónde estás y ofrecerte las ofertas de trabajo locales. Cambia los permisos en la Configuración de tu navegador, en Privacidad y Seguridad, y autoriza a Computrabajo conocer tu localización. Mi ubicación Nuevo Ingresa y encuentra empleo con una mejor experiencia Ingresar Continúa con Google Buscar ofertas Mis postulaciones Mis favoritos Mis Alertas Login Crear CV Buscar Postulaciones Avisos Favoritos Menú Crear CV Buscar empresas Las mejores empresas para trabajar Salarios Compara los salarios Reclutadores ¡Únete a nosotros y publica ofertas gratis! Publica ofertas gratis Te ayudamos a encontrar un empleo mejor Consejos para encontrar empleo ¿Te avisamos si hay nuevas ofertas? No te pierdas ni una oportunidad laboral Ahora no Permitir Ordenar Ordenar por Relevancia Fecha Salario Fecha Fecha Urgente 1,651 Hoy 114 Últimos 3 días 291 Última semana 559 Últimos 15 días 1,464 Último mes 2,521 Categoría Categoría Ventas 1,052 Almacén / Logística / Transporte 602 Atención a clientes 375 Contabilidad / Finanzas 293 Administración / Oficina 276 Producción / Operarios / Manufactura 275 Mantenimiento y Reparaciones Técnicas 274 Otros 213 Hostelería / Turismo 168 Construcción y obra 168 Servicios Generales, Aseo y Seguridad 126 Informática / Telecomunicaciones 113 Ingeniería 107 CallCenter / Telemercadeo 99 Mercadotecnia / Publicidad / Comunicación 91 Medicina / Salud 88 Recursos Hu"
https://sv.computrabajo.com/empleos-en-sonsonate,Buscar empleo en Sonsonate | Computrabajo El Salvador,,Tecnología,"Buscar empleo en Sonsonate | Computrabajo El Salvador Buscar empleos Necesitamos tu autorización para saber dónde estás y ofrecerte las ofertas de trabajo locales. Cambia los permisos en la Configuración de tu navegador, en Privacidad y Seguridad, y autoriza a Computrabajo conocer tu localización. Mi ubicación Nuevo Ingresa y encuentra empleo con una mejor experiencia Ingresar Continúa con Google Buscar ofertas Mis postulaciones Mis favoritos Mis Alertas Login Crear CV Buscar Postulaciones Avisos Favoritos Menú Crear CV Buscar empresas Las mejores empresas para trabajar Salarios Compara los salarios Reclutadores ¡Únete a nosotros y publica ofertas gratis! Publica ofertas gratis Te ayudamos a encontrar un empleo mejor Consejos para encontrar empleo ¿Te avisamos si hay nuevas ofertas? No te pierdas ni una oportunidad laboral Ahora no Permitir Ordenar Ordenar por Relevancia Fecha Salario Fecha Fecha Urgente 1,651 Hoy 114 Últimos 3 días 291 Última semana 559 Últimos 15 días 1,464 Último mes 2,521 Categoría Categoría Ventas 1,052 Almacén / Logística / Transporte 602 Atención a clientes 375 Contabilidad / Finanzas 293 Administración / Oficina 276 Producción / Operarios / Manufactura 275 Mantenimiento y Reparaciones Técnicas 274 Otros 213 Hostelería / Turismo 168 Construcción y obra 168 Servicios Generales, Aseo y Seguridad 126 Informática / Telecomunicaciones 113 Ingeniería 107 CallCenter / Telemercadeo 99 Mercadotecnia / Publicidad / Comunicación 91 Medicina / Salud 88 Recursos Hu"
https://sv.computrabajo.com/empleos-en-la-paz,Buscar empleo en La Paz | Computrabajo El Salvador,,Tecnología,"Buscar empleo en La Paz | Computrabajo El Salvador Buscar empleos Necesitamos tu autorización para saber dónde estás y ofrecerte las ofertas de trabajo locales. Cambia los permisos en la Configuración de tu navegador, en Privacidad y Seguridad, y autoriza a Computrabajo conocer tu localización. Mi ubicación Nuevo Ingresa y encuentra empleo con una mejor experiencia Ingresar Continúa con Google Buscar ofertas Mis postulaciones Mis favoritos Mis Alertas Login Crear CV Buscar Postulaciones Avisos Favoritos Menú Crear CV Buscar empresas Las mejores empresas para trabajar Salarios Compara los salarios Reclutadores ¡Únete a nosotros y publica ofertas gratis! Publica ofertas gratis Te ayudamos a encontrar un empleo mejor Consejos para encontrar empleo ¿Te avisamos si hay nuevas ofertas? No te pierdas ni una oportunidad laboral Ahora no Permitir Ordenar Ordenar por Relevancia Fecha Salario Fecha Fecha Urgente 1,651 Hoy 114 Últimos 3 días 291 Última semana 559 Últimos 15 días 1,464 Último mes 2,521 Categoría Categoría Ventas 1,052 Almacén / Logística / Transporte 602 Atención a clientes 375 Contabilidad / Finanzas 293 Administración / Oficina 276 Producción / Operarios / Manufactura 275 Mantenimiento y Reparaciones Técnicas 274 Otros 213 Hostelería / Turismo 168 Construcción y obra 168 Servicios Generales, Aseo y Seguridad 126 Informática / Telecomunicaciones 113 Ingeniería 107 CallCenter / Telemercadeo 99 Mercadotecnia / Publicidad / Comunicación 91 Medicina / Salud 88 Recursos Human"
https://sv.computrabajo.com/empleos-en-usulutan,Buscar empleo en Usulután | Computrabajo El Salvador,,Tecnología,"Buscar empleo en Usulután | Computrabajo El Salvador Buscar empleos Necesitamos tu autorización para saber dónde estás y ofrecerte las ofertas de trabajo locales. Cambia los permisos en la Configuración de tu navegador, en Privacidad y Seguridad, y autoriza a Computrabajo conocer tu localización. Mi ubicación Nuevo Ingresa y encuentra empleo con una mejor experiencia Ingresar Continúa con Google Buscar ofertas Mis postulaciones Mis favoritos Mis Alertas Login Crear CV Buscar Postulaciones Avisos Favoritos Menú Crear CV Buscar empresas Las mejores empresas para trabajar Salarios Compara los salarios Reclutadores ¡Únete a nosotros y publica ofertas gratis! Publica ofertas gratis Te ayudamos a encontrar un empleo mejor Consejos para encontrar empleo ¿Te avisamos si hay nuevas ofertas? No te pierdas ni una oportunidad laboral Ahora no Permitir Ordenar Ordenar por Relevancia Fecha Salario Fecha Fecha Urgente 1,651 Hoy 114 Últimos 3 días 291 Última semana 559 Últimos 15 días 1,464 Último mes 2,521 Categoría Categoría Ventas 1,052 Almacén / Logística / Transporte 602 Atención a clientes 375 Contabilidad / Finanzas 293 Administración / Oficina 276 Producción / Operarios / Manufactura 275 Mantenimiento y Reparaciones Técnicas 274 Otros 213 Hostelería / Turismo 168 Construcción y obra 168 Servicios Generales, Aseo y Seguridad 126 Informática / Telecomunicaciones 113 Ingeniería 107 CallCenter / Telemercadeo 99 Mercadotecnia / Publicidad / Comunicación 91 Medicina / Salud 88 Recursos Hum"
https://sv.computrabajo.com/empleos-en-ahuachapan,Buscar empleo en Ahuachapán | Computrabajo El Salvador,,Tecnología,"Buscar empleo en Ahuachapán | Computrabajo El Salvador Buscar empleos Necesitamos tu autorización para saber dónde estás y ofrecerte las ofertas de trabajo locales. Cambia los permisos en la Configuración de tu navegador, en Privacidad y Seguridad, y autoriza a Computrabajo conocer tu localización. Mi ubicación Nuevo Ingresa y encuentra empleo con una mejor experiencia Ingresar Continúa con Google Buscar ofertas Mis postulaciones Mis favoritos Mis Alertas Login Crear CV Buscar Postulaciones Avisos Favoritos Menú Crear CV Buscar empresas Las mejores empresas para trabajar Salarios Compara los salarios Reclutadores ¡Únete a nosotros y publica ofertas gratis! Publica ofertas gratis Te ayudamos a encontrar un empleo mejor Consejos para encontrar empleo ¿Te avisamos si hay nuevas ofertas? No te pierdas ni una oportunidad laboral Ahora no Permitir Ordenar Ordenar por Relevancia Fecha Salario Fecha Fecha Urgente 1,651 Hoy 114 Últimos 3 días 291 Última semana 559 Últimos 15 días 1,464 Último mes 2,521 Categoría Categoría Ventas 1,052 Almacén / Logística / Transporte 602 Atención a clientes 375 Contabilidad / Finanzas 293 Administración / Oficina 276 Producción / Operarios / Manufactura 275 Mantenimiento y Reparaciones Técnicas 274 Otros 213 Hostelería / Turismo 168 Construcción y obra 168 Servicios Generales, Aseo y Seguridad 126 Informática / Telecomunicaciones 113 Ingeniería 107 CallCenter / Telemercadeo 99 Mercadotecnia / Publicidad / Comunicación 91 Medicina / Salud 88 Recursos H"
https://sv.computrabajo.com/empleos-en-la-union,Buscar empleo en La Unión | Computrabajo El Salvador,,Tecnología,"Buscar empleo en La Unión | Computrabajo El Salvador Buscar empleos Necesitamos tu autorización para saber dónde estás y ofrecerte las ofertas de trabajo locales. Cambia los permisos en la Configuración de tu navegador, en Privacidad y Seguridad, y autoriza a Computrabajo conocer tu localización. Mi ubicación Nuevo Ingresa y encuentra empleo con una mejor experiencia Ingresar Continúa con Google Buscar ofertas Mis postulaciones Mis favoritos Mis Alertas Login Crear CV Buscar Postulaciones Avisos Favoritos Menú Crear CV Buscar empresas Las mejores empresas para trabajar Salarios Compara los salarios Reclutadores ¡Únete a nosotros y publica ofertas gratis! Publica ofertas gratis Te ayudamos a encontrar un empleo mejor Consejos para encontrar empleo ¿Te avisamos si hay nuevas ofertas? No te pierdas ni una oportunidad laboral Ahora no Permitir Ordenar Ordenar por Relevancia Fecha Salario Fecha Fecha Urgente 1,651 Hoy 114 Últimos 3 días 291 Última semana 559 Últimos 15 días 1,464 Último mes 2,521 Categoría Categoría Ventas 1,052 Almacén / Logística / Transporte 602 Atención a clientes 375 Contabilidad / Finanzas 293 Administración / Oficina 276 Producción / Operarios / Manufactura 275 Mantenimiento y Reparaciones Técnicas 274 Otros 213 Hostelería / Turismo 168 Construcción y obra 168 Servicios Generales, Aseo y Seguridad 126 Informática / Telecomunicaciones 113 Ingeniería 107 CallCenter / Telemercadeo 99 Mercadotecnia / Publicidad / Comunicación 91 Medicina / Salud 88 Recursos Hum"
https://sv.computrabajo.com/empleos-en-chalatenango,Buscar empleo en Chalatenango | Computrabajo El Salvador,,Tecnología,"Buscar empleo en Chalatenango | Computrabajo El Salvador Buscar empleos Necesitamos tu autorización para saber dónde estás y ofrecerte las ofertas de trabajo locales. Cambia los permisos en la Configuración de tu navegador, en Privacidad y Seguridad, y autoriza a Computrabajo conocer tu localización. Mi ubicación Nuevo Ingresa y encuentra empleo con una mejor experiencia Ingresar Continúa con Google Buscar ofertas Mis postulaciones Mis favoritos Mis Alertas Login Crear CV Buscar Postulaciones Avisos Favoritos Menú Crear CV Buscar empresas Las mejores empresas para trabajar Salarios Compara los salarios Reclutadores ¡Únete a nosotros y publica ofertas gratis! Publica ofertas gratis Te ayudamos a encontrar un empleo mejor Consejos para encontrar empleo ¿Te avisamos si hay nuevas ofertas? No te pierdas ni una oportunidad laboral Ahora no Permitir Ordenar Ordenar por Relevancia Fecha Salario Fecha Fecha Urgente 1,651 Hoy 114 Últimos 3 días 291 Última semana 559 Últimos 15 días 1,464 Último mes 2,521 Categoría Categoría Ventas 1,052 Almacén / Logística / Transporte 602 Atención a clientes 375 Contabilidad / Finanzas 293 Administración / Oficina 276 Producción / Operarios / Manufactura 275 Mantenimiento y Reparaciones Técnicas 274 Otros 213 Hostelería / Turismo 168 Construcción y obra 168 Servicios Generales, Aseo y Seguridad 126 Informática / Telecomunicaciones 113 Ingeniería 107 CallCenter / Telemercadeo 99 Mercadotecnia / Publicidad / Comunicación 91 Medicina / Salud 88 Recursos"
https://sv.computrabajo.com/empleos-en-cabanas,Buscar empleo en Cabañas | Computrabajo El Salvador,,Tecnología,"Buscar empleo en Cabañas | Computrabajo El Salvador Buscar empleos Necesitamos tu autorización para saber dónde estás y ofrecerte las ofertas de trabajo locales. Cambia los permisos en la Configuración de tu navegador, en Privacidad y Seguridad, y autoriza a Computrabajo conocer tu localización. Mi ubicación Nuevo Ingresa y encuentra empleo con una mejor experiencia Ingresar Continúa con Google Buscar ofertas Mis postulaciones Mis favoritos Mis Alertas Login Crear CV Buscar Postulaciones Avisos Favoritos Menú Crear CV Buscar empresas Las mejores empresas para trabajar Salarios Compara los salarios Reclutadores ¡Únete a nosotros y publica ofertas gratis! Publica ofertas gratis Te ayudamos a encontrar un empleo mejor Consejos para encontrar empleo ¿Te avisamos si hay nuevas ofertas? No te pierdas ni una oportunidad laboral Ahora no Permitir Ordenar Ordenar por Relevancia Fecha Salario Fecha Fecha Urgente 1,651 Hoy 114 Últimos 3 días 291 Última semana 559 Últimos 15 días 1,464 Último mes 2,521 Categoría Categoría Ventas 1,052 Almacén / Logística / Transporte 602 Atención a clientes 375 Contabilidad / Finanzas 293 Administración / Oficina 276 Producción / Operarios / Manufactura 275 Mantenimiento y Reparaciones Técnicas 274 Otros 213 Hostelería / Turismo 168 Construcción y obra 168 Servicios Generales, Aseo y Seguridad 126 Informática / Telecomunicaciones 113 Ingeniería 107 CallCenter / Telemercadeo 99 Mercadotecnia / Publicidad / Comunicación 91 Medicina / Salud 88 Recursos Huma"
https://sv.computrabajo.com/empleos-en-cuscatlan,Buscar empleo en Cuscatlán | Computrabajo El Salvador,,Tecnología,"Buscar empleo en Cuscatlán | Computrabajo El Salvador Buscar empleos Necesitamos tu autorización para saber dónde estás y ofrecerte las ofertas de trabajo locales. Cambia los permisos en la Configuración de tu navegador, en Privacidad y Seguridad, y autoriza a Computrabajo conocer tu localización. Mi ubicación Nuevo Ingresa y encuentra empleo con una mejor experiencia Ingresar Continúa con Google Buscar ofertas Mis postulaciones Mis favoritos Mis Alertas Login Crear CV Buscar Postulaciones Avisos Favoritos Menú Crear CV Buscar empresas Las mejores empresas para trabajar Salarios Compara los salarios Reclutadores ¡Únete a nosotros y publica ofertas gratis! Publica ofertas gratis Te ayudamos a encontrar un empleo mejor Consejos para encontrar empleo ¿Te avisamos si hay nuevas ofertas? No te pierdas ni una oportunidad laboral Ahora no Permitir Ordenar Ordenar por Relevancia Fecha Salario Fecha Fecha Urgente 1,651 Hoy 114 Últimos 3 días 291 Última semana 559 Últimos 15 días 1,464 Último mes 2,521 Categoría Categoría Ventas 1,052 Almacén / Logística / Transporte 602 Atención a clientes 375 Contabilidad / Finanzas 293 Administración / Oficina 276 Producción / Operarios / Manufactura 275 Mantenimiento y Reparaciones Técnicas 274 Otros 213 Hostelería / Turismo 168 Construcción y obra 168 Servicios Generales, Aseo y Seguridad 126 Informática / Telecomunicaciones 113 Ingeniería 107 CallCenter / Telemercadeo 99 Mercadotecnia / Publicidad / Comunicación 91 Medicina / Salud 88 Recursos Hu"
https://sv.computrabajo.com/empleos-en-san-vicente,Buscar empleo en San Vicente | Computrabajo El Salvador,600.0,Tecnología,"Buscar empleo en San Vicente | Computrabajo El Salvador Buscar empleos Necesitamos tu autorización para saber dónde estás y ofrecerte las ofertas de trabajo locales. Cambia los permisos en la Configuración de tu navegador, en Privacidad y Seguridad, y autoriza a Computrabajo conocer tu localización. Mi ubicación Nuevo Ingresa y encuentra empleo con una mejor experiencia Ingresar Continúa con Google Buscar ofertas Mis postulaciones Mis favoritos Mis Alertas Login Crear CV Buscar Postulaciones Avisos Favoritos Menú Crear CV Buscar empresas Las mejores empresas para trabajar Salarios Compara los salarios Reclutadores ¡Únete a nosotros y publica ofertas gratis! Publica ofertas gratis Te ayudamos a encontrar un empleo mejor Consejos para encontrar empleo ¿Te avisamos si hay nuevas ofertas? No te pierdas ni una oportunidad laboral Ahora no Permitir Ordenar Ordenar por Relevancia Fecha Salario Fecha Fecha Urgente 1,651 Hoy 114 Últimos 3 días 291 Última semana 559 Últimos 15 días 1,464 Último mes 2,521 Categoría Categoría Ventas 1,052 Almacén / Logística / Transporte 602 Atención a clientes 375 Contabilidad / Finanzas 293 Administración / Oficina 276 Producción / Operarios / Manufactura 275 Mantenimiento y Reparaciones Técnicas 274 Otros 213 Hostelería / Turismo 168 Construcción y obra 168 Servicios Generales, Aseo y Seguridad 126 Informática / Telecomunicaciones 113 Ingeniería 107 CallCenter / Telemercadeo 99 Mercadotecnia / Publicidad / Comunicación 91 Medicina / Salud 88 Recursos "
https://sv.computrabajo.com/empleos-en-morazan,Buscar empleo en Morazán | Computrabajo El Salvador,,Tecnología,"Buscar empleo en Morazán | Computrabajo El Salvador Buscar empleos Necesitamos tu autorización para saber dónde estás y ofrecerte las ofertas de trabajo locales. Cambia los permisos en la Configuración de tu navegador, en Privacidad y Seguridad, y autoriza a Computrabajo conocer tu localización. Mi ubicación Nuevo Ingresa y encuentra empleo con una mejor experiencia Ingresar Continúa con Google Buscar ofertas Mis postulaciones Mis favoritos Mis Alertas Login Crear CV Buscar Postulaciones Avisos Favoritos Menú Crear CV Buscar empresas Las mejores empresas para trabajar Salarios Compara los salarios Reclutadores ¡Únete a nosotros y publica ofertas gratis! Publica ofertas gratis Te ayudamos a encontrar un empleo mejor Consejos para encontrar empleo ¿Te avisamos si hay nuevas ofertas? No te pierdas ni una oportunidad laboral Ahora no Permitir Ordenar Ordenar por Relevancia Fecha Salario Fecha Fecha Urgente 1,651 Hoy 114 Últimos 3 días 291 Última semana 559 Últimos 15 días 1,464 Último mes 2,521 Categoría Categoría Ventas 1,052 Almacén / Logística / Transporte 602 Atención a clientes 375 Contabilidad / Finanzas 293 Administración / Oficina 276 Producción / Operarios / Manufactura 275 Mantenimiento y Reparaciones Técnicas 274 Otros 213 Hostelería / Turismo 168 Construcción y obra 168 Servicios Generales, Aseo y Seguridad 126 Informática / Telecomunicaciones 113 Ingeniería 107 CallCenter / Telemercadeo 99 Mercadotecnia / Publicidad / Comunicación 91 Medicina / Salud 88 Recursos Huma"
https://sv.computrabajo.com/empleos-en-san-miguel-en-san-miguel,"Buscar empleo en San Miguel, San Miguel | Computrabajo El Salvador",,Tecnología,"Buscar empleo en San Miguel, San Miguel | Computrabajo El Salvador Buscar empleos Necesitamos tu autorización para saber dónde estás y ofrecerte las ofertas de trabajo locales. Cambia los permisos en la Configuración de tu navegador, en Privacidad y Seguridad, y autoriza a Computrabajo conocer tu localización. Mi ubicación Nuevo Ingresa y encuentra empleo con una mejor experiencia Ingresar Continúa con Google Buscar ofertas Mis postulaciones Mis favoritos Mis Alertas Login Crear CV Buscar Postulaciones Avisos Favoritos Menú Crear CV Buscar empresas Las mejores empresas para trabajar Salarios Compara los salarios Reclutadores ¡Únete a nosotros y publica ofertas gratis! Publica ofertas gratis Te ayudamos a encontrar un empleo mejor Consejos para encontrar empleo ¿Te avisamos si hay nuevas ofertas? No te pierdas ni una oportunidad laboral Ahora no Permitir Ordenar Ordenar por Relevancia Fecha Salario Distancia Distancia Hasta 5 km Hasta 10 km Hasta 25 km Hasta 50 km Hasta 75 km Hasta 100 km Fecha Fecha Urgente 1,651 Hoy 114 Últimos 3 días 291 Última semana 559 Últimos 15 días 1,467 Último mes 2,527 Categoría Categoría Ventas 1,052 Almacén / Logística / Transporte 604 Atención a clientes 376 Contabilidad / Finanzas 295 Administración / Oficina 277 Producción / Operarios / Manufactura 276 Mantenimiento y Reparaciones Técnicas 275 Otros 213 Hostelería / Turismo 169 Construcción y obra 168 Servicios Generales, Aseo y Seguridad 126 Informática / Telecomunicaciones 113 Ingeniería 108 "
https://sv.computrabajo.com/empleos-en-san-miguel-en-quelepa,"Buscar empleo en Quelepa, San Miguel | Computrabajo El Salvador",,Tecnología,"Buscar empleo en Quelepa, San Miguel | Computrabajo El Salvador Buscar empleos Necesitamos tu autorización para saber dónde estás y ofrecerte las ofertas de trabajo locales. Cambia los permisos en la Configuración de tu navegador, en Privacidad y Seguridad, y autoriza a Computrabajo conocer tu localización. Mi ubicación Nuevo Ingresa y encuentra empleo con una mejor experiencia Ingresar Continúa con Google Buscar ofertas Mis postulaciones Mis favoritos Mis Alertas Login Crear CV Buscar Postulaciones Avisos Favoritos Menú Crear CV Buscar empresas Las mejores empresas para trabajar Salarios Compara los salarios Reclutadores ¡Únete a nosotros y publica ofertas gratis! Publica ofertas gratis Te ayudamos a encontrar un empleo mejor Consejos para encontrar empleo ¿Te avisamos si hay nuevas ofertas? No te pierdas ni una oportunidad laboral Ahora no Permitir Ordenar Ordenar por Relevancia Fecha Salario Distancia Distancia Hasta 5 km Hasta 10 km Hasta 25 km Hasta 50 km Hasta 75 km Hasta 100 km Fecha Fecha Urgente 1,651 Hoy 114 Últimos 3 días 291 Última semana 559 Últimos 15 días 1,467 Último mes 2,527 Categoría Categoría Ventas 1,052 Almacén / Logística / Transporte 604 Atención a clientes 376 Contabilidad / Finanzas 295 Administración / Oficina 277 Mantenimiento y Reparaciones Técnicas 275 Producción / Operarios / Manufactura 275 Otros 213 Hostelería / Turismo 169 Construcción y obra 168 Servicios Generales, Aseo y Seguridad 126 Informática / Telecomunicaciones 113 Ingeniería 108 Cal"
https://sv.computrabajo.com/empleos-en-san-miguel-en-moncagua,"Buscar empleo en Moncagua, San Miguel | Computrabajo El Salvador",,Tecnología,"Buscar empleo en Moncagua, San Miguel | Computrabajo El Salvador Buscar empleos Necesitamos tu autorización para saber dónde estás y ofrecerte las ofertas de trabajo locales. Cambia los permisos en la Configuración de tu navegador, en Privacidad y Seguridad, y autoriza a Computrabajo conocer tu localización. Mi ubicación Nuevo Ingresa y encuentra empleo con una mejor experiencia Ingresar Continúa con Google Buscar ofertas Mis postulaciones Mis favoritos Mis Alertas Login Crear CV Buscar Postulaciones Avisos Favoritos Menú Crear CV Buscar empresas Las mejores empresas para trabajar Salarios Compara los salarios Reclutadores ¡Únete a nosotros y publica ofertas gratis! Publica ofertas gratis Te ayudamos a encontrar un empleo mejor Consejos para encontrar empleo ¿Te avisamos si hay nuevas ofertas? No te pierdas ni una oportunidad laboral Ahora no Permitir Ordenar Ordenar por Relevancia Fecha Salario Distancia Distancia Hasta 5 km Hasta 10 km Hasta 25 km Hasta 50 km Hasta 75 km Hasta 100 km Fecha Fecha Urgente 1,651 Hoy 114 Últimos 3 días 291 Última semana 559 Últimos 15 días 1,467 Último mes 2,527 Categoría Categoría Ventas 1,052 Almacén / Logística / Transporte 604 Atención a clientes 376 Contabilidad / Finanzas 295 Administración / Oficina 277 Mantenimiento y Reparaciones Técnicas 275 Producción / Operarios / Manufactura 275 Otros 213 Hostelería / Turismo 169 Construcción y obra 168 Servicios Generales, Aseo y Seguridad 126 Informática / Telecomunicaciones 113 Ingeniería 108 Ca"
https://sv.computrabajo.com/empleos-en-san-miguel-sin-experiencia,Bolsa de Trabajo San Miguel sin experiencia Junio 2026 | Computrabajo El Salvador,,Tecnología,"Bolsa de Trabajo San Miguel sin experiencia Junio 2026 | Computrabajo El Salvador Buscar empleos Necesitamos tu autorización para saber dónde estás y ofrecerte las ofertas de trabajo locales. Cambia los permisos en la Configuración de tu navegador, en Privacidad y Seguridad, y autoriza a Computrabajo conocer tu localización. Mi ubicación Nuevo Ingresa y encuentra empleo con una mejor experiencia Ingresar Continúa con Google Buscar ofertas Mis postulaciones Mis favoritos Mis Alertas Login Crear CV Buscar Postulaciones Avisos Favoritos Menú Crear CV Buscar empresas Las mejores empresas para trabajar Salarios Compara los salarios Reclutadores ¡Únete a nosotros y publica ofertas gratis! Publica ofertas gratis Te ayudamos a encontrar un empleo mejor Consejos para encontrar empleo ¿Te avisamos si hay nuevas ofertas? No te pierdas ni una oportunidad laboral Ahora no Permitir Sin Experiencia Ordenar Ordenar por Relevancia Fecha Salario Fecha Fecha Urgente 215 Hoy 12 Últimos 3 días 37 Última semana 66 Últimos 15 días 170 Último mes 306 Categoría Categoría Ventas 113 Atención a clientes 91 Almacén / Logística / Transporte 81 Producción / Operarios / Manufactura 54 Hostelería / Turismo 46 Otros 46 Mantenimiento y Reparaciones Técnicas 37 Administración / Oficina 23 Servicios Generales, Aseo y Seguridad 21 CallCenter / Telemercadeo 19 Contabilidad / Finanzas 14 Recursos Humanos 9 Construcción y obra 9 Informática / Telecomunicaciones 7 Mercadotecnia / Publicidad / Comunicación 6 Diseño /"
https://sv.computrabajo.com/empleos-en-san-miguel-jornada-medio-tiempo,Trabajo a Medio Tiempo en San Miguel | Computrabajo,,Tecnología,"Trabajo a Medio Tiempo en San Miguel | Computrabajo Buscar empleos Necesitamos tu autorización para saber dónde estás y ofrecerte las ofertas de trabajo locales. Cambia los permisos en la Configuración de tu navegador, en Privacidad y Seguridad, y autoriza a Computrabajo conocer tu localización. Mi ubicación Nuevo Ingresa y encuentra empleo con una mejor experiencia Ingresar Continúa con Google Buscar ofertas Mis postulaciones Mis favoritos Mis Alertas Login Crear CV Buscar Postulaciones Avisos Favoritos Menú Crear CV Buscar empresas Las mejores empresas para trabajar Salarios Compara los salarios Reclutadores ¡Únete a nosotros y publica ofertas gratis! Publica ofertas gratis Te ayudamos a encontrar un empleo mejor Consejos para encontrar empleo ¿Te avisamos si hay nuevas ofertas? No te pierdas ni una oportunidad laboral Ahora no Permitir Medio Tiempo Ordenar Ordenar por Relevancia Fecha Salario Fecha Fecha Urgente 9 Últimos 3 días 4 Última semana 6 Últimos 15 días 11 Último mes 26 Categoría Categoría Atención a clientes 8 Ventas 7 Docencia 6 Servicios Generales, Aseo y Seguridad 6 Contabilidad / Finanzas 5 Medicina / Salud 5 Otros 3 Administración / Oficina 2 Hostelería / Turismo 2 Recursos Humanos 2 Diseño / Artes gráficas 1 CallCenter / Telemercadeo 1 Construcción y obra 1 Producción / Operarios / Manufactura 1 Lugar de trabajo Lugar de trabajo Remoto 4 Presencial y remoto 0 Departamento San Miguel 2 San Salvador 32 La Libertad 9 Sonsonate 3 La Paz 1 Morazán 1 Santa Ana 1 "
https://sv.computrabajo.com/empleos-en-san-miguel-jornada-por-horas,Trabajo a Por Horas en San Miguel | Computrabajo,,Tecnología,"Trabajo a Por Horas en San Miguel | Computrabajo Buscar empleos Necesitamos tu autorización para saber dónde estás y ofrecerte las ofertas de trabajo locales. Cambia los permisos en la Configuración de tu navegador, en Privacidad y Seguridad, y autoriza a Computrabajo conocer tu localización. Mi ubicación Nuevo Ingresa y encuentra empleo con una mejor experiencia Ingresar Continúa con Google Buscar ofertas Mis postulaciones Mis favoritos Mis Alertas Login Crear CV Buscar Postulaciones Avisos Favoritos Menú Crear CV Buscar empresas Las mejores empresas para trabajar Salarios Compara los salarios Reclutadores ¡Únete a nosotros y publica ofertas gratis! Publica ofertas gratis Te ayudamos a encontrar un empleo mejor Consejos para encontrar empleo ¿Te avisamos si hay nuevas ofertas? No te pierdas ni una oportunidad laboral Ahora no Permitir Por Horas Ordenar Ordenar por Relevancia Fecha Salario Fecha Fecha Urgente 4 Últimos 15 días 3 Último mes 9 Categoría Categoría Medicina / Salud 8 Otros 3 Docencia 2 Construcción y obra 2 Producción / Operarios / Manufactura 2 Administración / Oficina 1 Diseño / Artes gráficas 1 Informática / Telecomunicaciones 1 Ventas 1 CallCenter / Telemercadeo 1 Mantenimiento y Reparaciones Técnicas 1 Mercadotecnia / Publicidad / Comunicación 1 Lugar de trabajo Lugar de trabajo Remoto 7 Presencial y remoto 0 Departamento San Miguel 1 San Salvador 20 La Libertad 2 Sonsonate 1 Ciudad San Miguel 1 Limpiar Filtrar Experiencia Experiencia Sin Experiencia 3 1 año"
https://sv.computrabajo.com/empleos-en-san-miguel-jornada-beca-practicas,Trabajo a Beca/Prácticas en San Miguel | Computrabajo,,Tecnología,"Trabajo a Beca/Prácticas en San Miguel | Computrabajo Buscar empleos Necesitamos tu autorización para saber dónde estás y ofrecerte las ofertas de trabajo locales. Cambia los permisos en la Configuración de tu navegador, en Privacidad y Seguridad, y autoriza a Computrabajo conocer tu localización. Mi ubicación Nuevo Ingresa y encuentra empleo con una mejor experiencia Ingresar Continúa con Google Buscar ofertas Mis postulaciones Mis favoritos Mis Alertas Login Crear CV Buscar Postulaciones Avisos Favoritos Menú Crear CV Buscar empresas Las mejores empresas para trabajar Salarios Compara los salarios Reclutadores ¡Únete a nosotros y publica ofertas gratis! Publica ofertas gratis Te ayudamos a encontrar un empleo mejor Consejos para encontrar empleo ¿Te avisamos si hay nuevas ofertas? No te pierdas ni una oportunidad laboral Ahora no Permitir Beca/Prácticas ¡Ups! Parece que no hay ofertas para el empleo que buscas. ¿Probamos de nuevo? Revisa la ortografía Usa sinónimos o cargos más generales Ajusta los filtros seleccionados O crea una alerta y te avisamos cuando haya una vacante con tus criterios Genial ¿Quieres recibir en tu correo nuevas vacantes? Busca por tu cargo o filtra por localidad y categoría. Prueba con los empleos más demandados del país. Auxiliar de bodega Motorista Auxiliar contable Gestor/a Ejecutivo/a de ventas Auxiliar Motociclista Cocinero/a Auxiliar de almacén Asesor/a en ventas"
https://sv.computrabajo.com/ofertas-de-trabajo/oferta-de-trabajo-de-vendedor-de-telefonos-y-chips-claro-en-punto-fijo-san-miguel-en-moncagua-06920BE431CA09FA61373E686DCF3405,"Vendedor de telefonos y chips Claro en punto fijo, San Miguel | Computrabajo",409.0,Tecnología,"Empleo de Vendedor de telefonos y chips Claro en punto fijo, San Miguel en Distribuidora Me Llega - Moncagua Buscar empleos Necesitamos tu autorización para saber dónde estás y ofrecerte las ofertas de trabajo locales. Cambia los permisos en la Configuración de tu navegador, en Privacidad y Seguridad, y autoriza a Computrabajo conocer tu localización. Mi ubicación Nuevo Ingresa y encuentra empleo con una mejor experiencia Ingresar Continúa con Google Buscar ofertas Mis postulaciones Mis favoritos Mis Alertas Login Crear CV Buscar Postulaciones Avisos Favoritos Menú Crear CV Buscar empresas Las mejores empresas para trabajar Salarios Compara los salarios Reclutadores ¡Únete a nosotros y publica ofertas gratis! Publica ofertas gratis Te ayudamos a encontrar un empleo mejor Consejos para encontrar empleo Volver al listado Vendedor de telefonos y chips Claro en punto fijo, San Miguel Distribuidora Me Llega - Moncagua, San Miguel Ya aplicaste a esta oferta Oferta Empresa Salarios Ofertas similares Ocultaste esta oferta, pulsa Recuperar oferta para verla de nuevo en los listados Eliminado de Ofertas ocultas Deshacer Descripción de la oferta 409.00 US$ (Mensual) + Comisiones Contrato por tiempo indefinido Tiempo Completo Se busca vendedor para punto fijo en San Miguel. Buscamos una persona con habilidades en atención al cliente y cierre de ventas para trabajar en nuestra tienda de Distribuidora Me Llega. Necesitamos que tengas experiencia en el manejo de teléfonos y chips Claro. Tu "
https://sv.computrabajo.com/empresas/ofertas-de-trabajo-de-distribuidora-me-llega-F91E492AF24A60FC,41 Ofertas de trabajo en Distribuidora Me Llega,,Tecnología,"41 Ofertas de trabajo en Distribuidora Me Llega | Buscar trabajo en El Salvador Buscar empleos Necesitamos tu autorización para saber dónde estás y ofrecerte las ofertas de trabajo locales. Cambia los permisos en la Configuración de tu navegador, en Privacidad y Seguridad, y autoriza a Computrabajo conocer tu localización. Mi ubicación Nuevo Ingresa y encuentra empleo con una mejor experiencia Ingresar Continúa con Google Buscar ofertas Mis postulaciones Mis favoritos Mis Alertas Login Crear CV Buscar Postulaciones Avisos Favoritos Menú Crear CV Buscar empresas Las mejores empresas para trabajar Salarios Compara los salarios Reclutadores ¡Únete a nosotros y publica ofertas gratis! Publica ofertas gratis Te ayudamos a encontrar un empleo mejor Consejos para encontrar empleo Distribuidora Me Llega Empresa verificada 133 seguidores + Seguir Volver a enviar Dejar de seguir La empresa Ofertas 41 Salarios 239 Entrevistas 1 Fotos Ordenar Ordenar por Relevancia Fecha Salario Fecha Fecha Urgente 37 Hoy 2 Últimos 3 días 3 Última semana 3 Últimos 15 días 5 Último mes 5 Categoría Categoría Ventas 31 Mercadotecnia / Publicidad / Comunicación 9 Recursos Humanos 1 Lugar de trabajo Lugar de trabajo Departamento Ahuachapán 19 San Miguel 17 Usulután 5 Ciudad Limpiar Filtrar Experiencia Experiencia Sin Experiencia 16 1 año 20 Salario Salario Más de 400 USD Más de 500 USD Jornada Jornada Tiempo Completo 41 Contrato Contrato Contrato por tiempo indefinido 41 Discapacidad Discapacidad Sí No 41 ofe"
https://sv.computrabajo.com/ofertas-de-trabajo/oferta-de-trabajo-de-jefe-de-centro-de-servicios-automotrices-para-san-miguel-en-san-miguel-7A3FEA131A23343F61373E686DCF3405,Jefe de Centro de Servicios Automotrices - para San Miguel | Computrabajo,,Tecnología,"Empleo de Jefe de Centro de Servicios Automotrices  - San Miguel Buscar empleos Necesitamos tu autorización para saber dónde estás y ofrecerte las ofertas de trabajo locales. Cambia los permisos en la Configuración de tu navegador, en Privacidad y Seguridad, y autoriza a Computrabajo conocer tu localización. Mi ubicación Nuevo Ingresa y encuentra empleo con una mejor experiencia Ingresar Continúa con Google Buscar ofertas Mis postulaciones Mis favoritos Mis Alertas Login Crear CV Buscar Postulaciones Avisos Favoritos Menú Crear CV Buscar empresas Las mejores empresas para trabajar Salarios Compara los salarios Reclutadores ¡Únete a nosotros y publica ofertas gratis! Publica ofertas gratis Te ayudamos a encontrar un empleo mejor Consejos para encontrar empleo Volver al listado Jefe de Centro de Servicios Automotrices - para San Miguel Importante empresa del sector - San Miguel, San Miguel Ya aplicaste a esta oferta Oferta Ofertas similares Ocultaste esta oferta, pulsa Recuperar oferta para verla de nuevo en los listados Eliminado de Ofertas ocultas Deshacer Descripción de la oferta 1,200.00 US$ (Mensual) + Comisiones Contrato por tiempo indefinido Tiempo Completo Funciones: •Encargado de supervisar las actividades del personal operativo asignado en sucursal. •Atención al cliente. •Gestión de procesos administrativos relacionados a la sucursal. •Control y manejo de inventario de productos. Requisitos: • Sexo: Masculino. • Lugar de residencia San Miguel. • Experiencia en Centros"
https://sv.computrabajo.com/ofertas-de-trabajo/oferta-de-trabajo-de-auxiliar-de-bodega-turnos-nocturnos-rotativos-quelepa-san-miguel-en-san-miguel-F59492D458C08CFB61373E686DCF3405,Auxiliar de Bodega - Turnos Nocturnos Rotativos Quelepa San Miguel | Computrabajo,715.0,Tecnología,"Trabajos de Auxiliar de Bodega en  ARCH LATAM - San Miguel Buscar empleos Necesitamos tu autorización para saber dónde estás y ofrecerte las ofertas de trabajo locales. Cambia los permisos en la Configuración de tu navegador, en Privacidad y Seguridad, y autoriza a Computrabajo conocer tu localización. Mi ubicación Nuevo Ingresa y encuentra empleo con una mejor experiencia Ingresar Continúa con Google Buscar ofertas Mis postulaciones Mis favoritos Mis Alertas Login Crear CV Buscar Postulaciones Avisos Favoritos Menú Crear CV Buscar empresas Las mejores empresas para trabajar Salarios Compara los salarios Reclutadores ¡Únete a nosotros y publica ofertas gratis! Publica ofertas gratis Te ayudamos a encontrar un empleo mejor Consejos para encontrar empleo Volver al listado Auxiliar de Bodega - Turnos Nocturnos Rotativos Quelepa San Miguel ARCH LATAM - San Miguel, San Miguel Ya aplicaste a esta oferta Oferta Empresa Evaluaciones Salarios Ofertas similares Ocultaste esta oferta, pulsa Recuperar oferta para verla de nuevo en los listados Eliminado de Ofertas ocultas Deshacer Descripción de la oferta 441.00 US$ (Mensual) Contrato por tiempo indefinido Tiempo Completo Se requiere contratar auxiliar de bodega para laborar en horarios nocturnos rotativos para la preparacion de pedidos de consumo masivo que cumpla los siguientes requisitos: - Disponibilidad de laborar en horarios rotativos nocturnos - Disponibilidad a laborar la temporada de diciembre 2025 - 9° Grado Se ofrece - Prestac"
https://sv.computrabajo.com/empresas/ofertas-de-trabajo-de-outsource-sa-de-cv-BF19F9754F7671FD,75 Ofertas de trabajo en  ARCH LATAM,,Tecnología,"75 Ofertas de trabajo en  ARCH LATAM | Buscar trabajo en El Salvador Buscar empleos Necesitamos tu autorización para saber dónde estás y ofrecerte las ofertas de trabajo locales. Cambia los permisos en la Configuración de tu navegador, en Privacidad y Seguridad, y autoriza a Computrabajo conocer tu localización. Mi ubicación Nuevo Ingresa y encuentra empleo con una mejor experiencia Ingresar Continúa con Google Buscar ofertas Mis postulaciones Mis favoritos Mis Alertas Login Crear CV Buscar Postulaciones Avisos Favoritos Menú Crear CV Buscar empresas Las mejores empresas para trabajar Salarios Compara los salarios Reclutadores ¡Únete a nosotros y publica ofertas gratis! Publica ofertas gratis Te ayudamos a encontrar un empleo mejor Consejos para encontrar empleo ARCH LATAM Empresa verificada 4.2 3,792 seguidores + Seguir Volver a enviar Dejar de seguir La empresa Ofertas 75 Evaluaciones 33 Salarios 910 Entrevistas 13 Fotos Ordenar Ordenar por Relevancia Fecha Salario Fecha Fecha Urgente 31 Hoy 1 Últimos 3 días 4 Última semana 7 Últimos 15 días 21 Último mes 42 Categoría Categoría Ventas 19 Almacén / Logística / Transporte 18 Otros 9 Mantenimiento y Reparaciones Técnicas 7 Contabilidad / Finanzas 6 Servicios Generales, Aseo y Seguridad 4 Administración / Oficina 3 Diseño / Artes gráficas 2 Informática / Telecomunicaciones 2 Investigación y Calidad 1 Hostelería / Turismo 1 CallCenter / Telemercadeo 1 Construcción y obra 1 Producción / Operarios / Manufactura 1 Lugar de trabajo "
https://sv.computrabajo.com/ofertas-de-trabajo/oferta-de-trabajo-de-motorista-animador-san-miguel-en-san-miguel-0C50FB8D5985578961373E686DCF3405,Motorista Animador - San Miguel | Computrabajo,,Tecnología,"Trabajos de Motorista Animador en Grupo Campestre - San Miguel Buscar empleos Necesitamos tu autorización para saber dónde estás y ofrecerte las ofertas de trabajo locales. Cambia los permisos en la Configuración de tu navegador, en Privacidad y Seguridad, y autoriza a Computrabajo conocer tu localización. Mi ubicación Nuevo Ingresa y encuentra empleo con una mejor experiencia Ingresar Continúa con Google Buscar ofertas Mis postulaciones Mis favoritos Mis Alertas Login Crear CV Buscar Postulaciones Avisos Favoritos Menú Crear CV Buscar empresas Las mejores empresas para trabajar Salarios Compara los salarios Reclutadores ¡Únete a nosotros y publica ofertas gratis! Publica ofertas gratis Te ayudamos a encontrar un empleo mejor Consejos para encontrar empleo Volver al listado Motorista Animador - San Miguel Grupo Campestre - San Miguel, San Miguel Ya aplicaste a esta oferta Oferta Empresa Ofertas similares Ocultaste esta oferta, pulsa Recuperar oferta para verla de nuevo en los listados Eliminado de Ofertas ocultas Deshacer Descripción de la oferta A convenir Contrato por tiempo indefinido Tiempo Completo Si tienes interés en unirte a un equipo eficiente y estás dispuesto a trabajar en turnos rotativos, esta oportunidad es para ti.
Oportunidad Motorista Animador en Grupo Campestre
Funciones
Coordinar las actividades de entretenimiento en los eventos.
Analizar las necesidades de los clientes para mejorar la experiencia.
Colaborar con el equipo de eventos para la planificación y "
https://sv.computrabajo.com/empresas/ofertas-de-trabajo-de-rehusal-sa-de-cv-35535A570D76F48C,26 Ofertas de trabajo en Grupo Campestre,,Tecnología,"26 Ofertas de trabajo en Grupo Campestre | Buscar trabajo en El Salvador Buscar empleos Necesitamos tu autorización para saber dónde estás y ofrecerte las ofertas de trabajo locales. Cambia los permisos en la Configuración de tu navegador, en Privacidad y Seguridad, y autoriza a Computrabajo conocer tu localización. Mi ubicación Nuevo Ingresa y encuentra empleo con una mejor experiencia Ingresar Continúa con Google Buscar ofertas Mis postulaciones Mis favoritos Mis Alertas Login Crear CV Buscar Postulaciones Avisos Favoritos Menú Crear CV Buscar empresas Las mejores empresas para trabajar Salarios Compara los salarios Reclutadores ¡Únete a nosotros y publica ofertas gratis! Publica ofertas gratis Te ayudamos a encontrar un empleo mejor Consejos para encontrar empleo Grupo Campestre Empresa verificada 517 seguidores + Seguir Volver a enviar Dejar de seguir La empresa Ofertas 26 Entrevistas Fotos Ordenar Ordenar por Relevancia Fecha Salario Fecha Fecha Urgente 9 Últimos 3 días 1 Última semana 3 Últimos 15 días 9 Último mes 16 Categoría Categoría Hostelería / Turismo 9 Almacén / Logística / Transporte 4 Mantenimiento y Reparaciones Técnicas 4 Administración / Oficina 2 Atención a clientes 2 Mercadotecnia / Publicidad / Comunicación 2 Informática / Telecomunicaciones 1 Recursos Humanos 1 Producción / Operarios / Manufactura 1 Lugar de trabajo Lugar de trabajo Departamento San Miguel 12 San Salvador 9 La Libertad 2 Ahuachapán 1 Cabañas 1 La Paz 1 Ciudad Limpiar Filtrar Experiencia"
https://sv.computrabajo.com/ofertas-de-trabajo/oferta-de-trabajo-de-display-mayoreo-san-miguel-en-san-miguel-1A19BBED5C03C1FE61373E686DCF3405,Display - mayoreo San Miguel | Computrabajo,,Tecnología,"Trabajos de Display en CENTROAMERICANA DE MERCADEO EL SALVADOR, S.A. DE C.V. - San Miguel Buscar empleos Necesitamos tu autorización para saber dónde estás y ofrecerte las ofertas de trabajo locales. Cambia los permisos en la Configuración de tu navegador, en Privacidad y Seguridad, y autoriza a Computrabajo conocer tu localización. Mi ubicación Nuevo Ingresa y encuentra empleo con una mejor experiencia Ingresar Continúa con Google Buscar ofertas Mis postulaciones Mis favoritos Mis Alertas Login Crear CV Buscar Postulaciones Avisos Favoritos Menú Crear CV Buscar empresas Las mejores empresas para trabajar Salarios Compara los salarios Reclutadores ¡Únete a nosotros y publica ofertas gratis! Publica ofertas gratis Te ayudamos a encontrar un empleo mejor Consejos para encontrar empleo Volver al listado Display - mayoreo San Miguel CENTROAMERICANA DE MERCADEO EL SALVADOR, S.A. DE C.V. - San Miguel, San Miguel Ya aplicaste a esta oferta Oferta Empresa Ofertas similares Ocultaste esta oferta, pulsa Recuperar oferta para verla de nuevo en los listados Eliminado de Ofertas ocultas Deshacer Descripción de la oferta 408.00 US$ (Mensual) Otro tipo de contrato Tiempo Completo Empresa agroindustrial está en busca de display de mayoreo, para  zona de San Miguel Somos una empresa regional especializada en la manufactura y distribución de productos alimenticios. Si estas interesada en  formar parte de nuestro equipo de trabajo envía tu CV Requisitos: - Edad: De 25 a 35 años. - Sexo: femenin"
https://sv.computrabajo.com/empresas/ofertas-de-trabajo-de-centroamericana-de-mercadeo-el-salvador-sa-de-cv-150FE52E620B6CDA,"10 Ofertas de trabajo en CENTROAMERICANA DE MERCADEO EL SALVADOR, S.A. DE C.V.",,Tecnología,"10 Ofertas de trabajo en CENTROAMERICANA DE MERCADEO EL SALVADOR, S.A. DE C.V. | Buscar trabajo en El Salvador Buscar empleos Necesitamos tu autorización para saber dónde estás y ofrecerte las ofertas de trabajo locales. Cambia los permisos en la Configuración de tu navegador, en Privacidad y Seguridad, y autoriza a Computrabajo conocer tu localización. Mi ubicación Nuevo Ingresa y encuentra empleo con una mejor experiencia Ingresar Continúa con Google Buscar ofertas Mis postulaciones Mis favoritos Mis Alertas Login Crear CV Buscar Postulaciones Avisos Favoritos Menú Crear CV Buscar empresas Las mejores empresas para trabajar Salarios Compara los salarios Reclutadores ¡Únete a nosotros y publica ofertas gratis! Publica ofertas gratis Te ayudamos a encontrar un empleo mejor Consejos para encontrar empleo CENTROAMERICANA DE MERCADEO EL SALVADOR, S.A. DE C.V. Empresa verificada 159 seguidores + Seguir Volver a enviar Dejar de seguir La empresa Ofertas 10 Entrevistas Fotos Ordenar Ordenar por Relevancia Fecha Salario Fecha Fecha Urgente 8 Últimos 3 días 1 Última semana 2 Últimos 15 días 2 Último mes 3 Categoría Categoría Mercadotecnia / Publicidad / Comunicación 8 Ventas 1 Mantenimiento y Reparaciones Técnicas 1 Lugar de trabajo Lugar de trabajo Departamento San Salvador 4 Santa Ana 2 La Paz 1 San Miguel 1 Sonsonate 1 Usulután 1 Ciudad Limpiar Filtrar Experiencia Experiencia 2 años 6 3-4 años 3 5-10 años 1 Salario Salario Más de 400 USD Más de 500 USD Jornada Jornada Tiempo Compl"
https://sv.computrabajo.com/ofertas-de-trabajo/oferta-de-trabajo-de-asesora-comercial-san-miguel-en-san-miguel-D3A7FFAFE33149A861373E686DCF3405,Asesor/a comercial - San Miguel | Computrabajo,500.0,Tecnología,"Empleo de Asesor/a comercial en CONSTRU-SERVICES SA DE CV  - San Miguel Buscar empleos Necesitamos tu autorización para saber dónde estás y ofrecerte las ofertas de trabajo locales. Cambia los permisos en la Configuración de tu navegador, en Privacidad y Seguridad, y autoriza a Computrabajo conocer tu localización. Mi ubicación Nuevo Ingresa y encuentra empleo con una mejor experiencia Ingresar Continúa con Google Buscar ofertas Mis postulaciones Mis favoritos Mis Alertas Login Crear CV Buscar Postulaciones Avisos Favoritos Menú Crear CV Buscar empresas Las mejores empresas para trabajar Salarios Compara los salarios Reclutadores ¡Únete a nosotros y publica ofertas gratis! Publica ofertas gratis Te ayudamos a encontrar un empleo mejor Consejos para encontrar empleo Volver al listado Asesor/a comercial - San Miguel CONSTRU-SERVICES SA DE CV  - San Miguel, San Miguel Ya aplicaste a esta oferta Oferta Empresa Salarios Ofertas similares Ocultaste esta oferta, pulsa Recuperar oferta para verla de nuevo en los listados Eliminado de Ofertas ocultas Deshacer Descripción de la oferta 500.00 US$ (Mensual) + Comisiones Otro tipo de contrato Tiempo Completo PLAZA: ASESOR COMERCIAL Requisitos del perfil: • Hombre o mujer. • Edad entre 23 y 35 años. • Experiencia comprobable en el área de ventas, preferiblemente en bancos, cooperativas o instituciones financieras. • Conocimiento y experiencia en la comercialización de productos financieros tales como: – Tarjetas de Crédito – Créditos Perso"
https://sv.computrabajo.com/constru-services sa de cv,Bolsa de trabajo El Salvador | Portal de empleo Computrabajo El Salvador,,Tecnología,"Bolsa de trabajo El Salvador | Portal de empleo Computrabajo El Salvador Buscar ofertas Evaluaciones de empresa Salarios Desarrollo profesional Ingresa y encuentra empleo con una mejor experiencia Ingresar Continúa con Google Buscar ofertas Mis postulaciones Mis favoritos Mis Alertas Reclutadores Login Crear CV Buscar Postulaciones Avisos Favoritos Menú Crear CV Buscar empresas Las mejores empresas para trabajar Salarios Compara los salarios Reclutadores ¡Únete a nosotros y publica ofertas gratis! Publica ofertas gratis Te ayudamos a encontrar un empleo mejor Consejos para encontrar empleo ¡Ahora es el momento de cambiar! Encuentra el empleo que encaja contigo, más de 4,589 ofertas Buscar empleos Necesitamos tu autorización para saber dónde estás y ofrecerte las ofertas de trabajo locales. Cambia los permisos en la Configuración de tu navegador, en Privacidad y Seguridad, y autoriza a Computrabajo conocer tu localización. Mi ubicación Nuevo Últimas búsquedas ¿Quieres publicar? ¿Eres empresa? Recluta gratis al mejor talento hoy mismo 1 Publica gratis Crea tu cuenta , publica y llega a diversidad de profesionales. 2 Selecciona Accede a perfiles y filtra según tus necesidades. 3 Encuentra al mejor perfil Contacta al candidato que mejor encaja en tu empresa. Nuevo Potencia tu desarrollo profesional Consejos, guías y recursos para encontrar antes el empleo que encaja contigo. Computrabajo te ayuda Si buscas trabajo ¡Computrabajo es tu mejor aliado! Miles de ofertas de empleo están"
https://sv.computrabajo.com/ofertas-de-trabajo/oferta-de-trabajo-de-vendedor-de-campo-sin-experiencia-telefonos-y-chips-san-miguel-en-quelepa-AE00C5A421D14CBD61373E686DCF3405,Vendedor de Campo sin experiencia (telefonos y chips) - San Miguel | Computrabajo,444.0,Tecnología,"Empleo de Vendedor de Campo sin experiencia (telefonos y chips) en Distribuidora Me Llega - Quelepa Buscar empleos Necesitamos tu autorización para saber dónde estás y ofrecerte las ofertas de trabajo locales. Cambia los permisos en la Configuración de tu navegador, en Privacidad y Seguridad, y autoriza a Computrabajo conocer tu localización. Mi ubicación Nuevo Ingresa y encuentra empleo con una mejor experiencia Ingresar Continúa con Google Buscar ofertas Mis postulaciones Mis favoritos Mis Alertas Login Crear CV Buscar Postulaciones Avisos Favoritos Menú Crear CV Buscar empresas Las mejores empresas para trabajar Salarios Compara los salarios Reclutadores ¡Únete a nosotros y publica ofertas gratis! Publica ofertas gratis Te ayudamos a encontrar un empleo mejor Consejos para encontrar empleo Volver al listado Vendedor de Campo sin experiencia (telefonos y chips) - San Miguel Distribuidora Me Llega - Quelepa, San Miguel Ya aplicaste a esta oferta Oferta Empresa Salarios Ofertas similares Ocultaste esta oferta, pulsa Recuperar oferta para verla de nuevo en los listados Eliminado de Ofertas ocultas Deshacer Descripción de la oferta 444.00 US$ (Mensual) + Comisiones Contrato por tiempo indefinido Tiempo Completo Somos Distribuidores autorizados de Claro Estamos en la búsqueda de personal para realizar encuestas y ventas externas con disponibilidad de horarios en San Miguel. EMPLEO FORMAL 100% DE CAMPO ¿Qué actividades realizarás? - Visitar diferentes Zonas de San Miguel - Promov"
https://sv.computrabajo.com/ofertas-de-trabajo/oferta-de-trabajo-de-tecnico-en-refrigeracion-y-aire-acondicionado-san-miguel-en-san-miguel-6D03783A08C4EC2761373E686DCF3405,Técnico en refrigeración y aire acondicionado - San Miguel | Computrabajo,,Tecnología,"Trabajos de Técnico en refrigeración y aire acondicionado  - San Miguel Buscar empleos Necesitamos tu autorización para saber dónde estás y ofrecerte las ofertas de trabajo locales. Cambia los permisos en la Configuración de tu navegador, en Privacidad y Seguridad, y autoriza a Computrabajo conocer tu localización. Mi ubicación Nuevo Ingresa y encuentra empleo con una mejor experiencia Ingresar Continúa con Google Buscar ofertas Mis postulaciones Mis favoritos Mis Alertas Login Crear CV Buscar Postulaciones Avisos Favoritos Menú Crear CV Buscar empresas Las mejores empresas para trabajar Salarios Compara los salarios Reclutadores ¡Únete a nosotros y publica ofertas gratis! Publica ofertas gratis Te ayudamos a encontrar un empleo mejor Consejos para encontrar empleo Volver al listado Técnico en refrigeración y aire acondicionado - San Miguel Importante empresa del sector - San Miguel, San Miguel Ya aplicaste a esta oferta Oferta Ofertas similares Ocultaste esta oferta, pulsa Recuperar oferta para verla de nuevo en los listados Eliminado de Ofertas ocultas Deshacer Descripción de la oferta 700.00 US$ (Mensual) Contrato por tiempo indefinido Tiempo Completo Buscamos un Técnico de Refrigeración y aire acondicionado con experiencia y habilidades técnicas para unirse a nuestro equipo. Si eres una persona comprometida, con conocimientos sólidos en mantenimiento y reparación de sistemas de refrigeración y aire acondicionado, ¡queremos conocerte! Funciones: - Realizar el mantenimiento"
https://sv.computrabajo.com/ofertas-de-trabajo/oferta-de-trabajo-de-asesora-de-ventas-metrocentro-san-miguel-en-san-miguel-5530A3206C87FF4C61373E686DCF3405,Asesora de Ventas - Metrocentro San Miguel | Computrabajo,365.0,Tecnología,"Empleo de Asesora de Ventas en Impulso SA de CV - San Miguel Buscar empleos Necesitamos tu autorización para saber dónde estás y ofrecerte las ofertas de trabajo locales. Cambia los permisos en la Configuración de tu navegador, en Privacidad y Seguridad, y autoriza a Computrabajo conocer tu localización. Mi ubicación Nuevo Ingresa y encuentra empleo con una mejor experiencia Ingresar Continúa con Google Buscar ofertas Mis postulaciones Mis favoritos Mis Alertas Login Crear CV Buscar Postulaciones Avisos Favoritos Menú Crear CV Buscar empresas Las mejores empresas para trabajar Salarios Compara los salarios Reclutadores ¡Únete a nosotros y publica ofertas gratis! Publica ofertas gratis Te ayudamos a encontrar un empleo mejor Consejos para encontrar empleo Volver al listado Asesora de Ventas - Metrocentro San Miguel Impulso SA de CV - San Miguel, San Miguel Ya aplicaste a esta oferta Oferta Empresa Salarios Ofertas similares Ocultaste esta oferta, pulsa Recuperar oferta para verla de nuevo en los listados Eliminado de Ofertas ocultas Deshacer Descripción de la oferta A convenir Contrato por tiempo indefinido Tiempo Completo ¿Te gustan las ventas y la atención al cliente? ¡Esta es tu oportunidad de formar parte de nuestro equipo! Funciones principales: - Mantener la tienda ordenada, limpia y con una excelente presentación. - Brindar atención y asesoría personalizada a cada cliente. - Alcanzar metas de venta y apoyar en los resultados del equipo. - Conocer a detalle nuestros prod"
https://sv.computrabajo.com/empresas/ofertas-de-trabajo-de-impulso-sa-de-cv-D57F955881BD62D8,14 Ofertas de trabajo en Impulso SA de CV,,Tecnología,"14 Ofertas de trabajo en Impulso SA de CV | Buscar trabajo en El Salvador Buscar empleos Necesitamos tu autorización para saber dónde estás y ofrecerte las ofertas de trabajo locales. Cambia los permisos en la Configuración de tu navegador, en Privacidad y Seguridad, y autoriza a Computrabajo conocer tu localización. Mi ubicación Nuevo Ingresa y encuentra empleo con una mejor experiencia Ingresar Continúa con Google Buscar ofertas Mis postulaciones Mis favoritos Mis Alertas Login Crear CV Buscar Postulaciones Avisos Favoritos Menú Crear CV Buscar empresas Las mejores empresas para trabajar Salarios Compara los salarios Reclutadores ¡Únete a nosotros y publica ofertas gratis! Publica ofertas gratis Te ayudamos a encontrar un empleo mejor Consejos para encontrar empleo Impulso SA de CV Empresa verificada 435 seguidores + Seguir Volver a enviar Dejar de seguir La empresa Ofertas 14 Salarios 32 Entrevistas 1 Fotos Ordenar Ordenar por Relevancia Fecha Salario Fecha Fecha Urgente 3 Última semana 2 Últimos 15 días 2 Último mes 6 Categoría Categoría Ventas 8 Almacén / Logística / Transporte 4 Contabilidad / Finanzas 2 Lugar de trabajo Lugar de trabajo Departamento La Libertad 7 San Salvador 5 San Miguel 2 Ciudad Limpiar Filtrar Experiencia Experiencia 1 año 7 2 años 3 3-4 años 1 5-10 años 1 Salario Salario Más de 200 USD Más de 400 USD Más de 500 USD Más de 1000 USD Más de 2000 USD Jornada Jornada Tiempo Completo 12 Medio Tiempo 2 Contrato Contrato Contrato por tiempo indefinido 12 C"
https://sv.computrabajo.com/ofertas-de-trabajo/oferta-de-trabajo-de-auxiliares-de-despacho-contar-con-transporte-propio-en-san-miguel-5338C3DF0AD6296F61373E686DCF3405,Auxiliares de Despacho - Contar con Transporte Propio | Computrabajo,,Tecnología,"Trabajos de Auxiliares de Despacho en Grupo Campestre - San Miguel Buscar empleos Necesitamos tu autorización para saber dónde estás y ofrecerte las ofertas de trabajo locales. Cambia los permisos en la Configuración de tu navegador, en Privacidad y Seguridad, y autoriza a Computrabajo conocer tu localización. Mi ubicación Nuevo Ingresa y encuentra empleo con una mejor experiencia Ingresar Continúa con Google Buscar ofertas Mis postulaciones Mis favoritos Mis Alertas Login Crear CV Buscar Postulaciones Avisos Favoritos Menú Crear CV Buscar empresas Las mejores empresas para trabajar Salarios Compara los salarios Reclutadores ¡Únete a nosotros y publica ofertas gratis! Publica ofertas gratis Te ayudamos a encontrar un empleo mejor Consejos para encontrar empleo Volver al listado Auxiliares de Despacho - Contar con Transporte Propio Grupo Campestre - San Miguel, San Miguel Ya aplicaste a esta oferta Oferta Empresa Ofertas similares Ocultaste esta oferta, pulsa Recuperar oferta para verla de nuevo en los listados Eliminado de Ofertas ocultas Deshacer Descripción de la oferta A convenir Contrato por tiempo indefinido Tiempo Completo Grupo Campestre está buscando Auxiliares de Despacho para unirse a nuestro equipo en constante crecimiento en Planta de Proceso Avicola Campestre.
Tu rol será fundamental para el buen funcionamiento de nuestro centro de trabajo Requisitos:
Escolaridad desde Educación Básica.
No se requiere experiencia previa.
Capacidad para levantar y transportar hast"
https://sv.computrabajo.com/ofertas-de-trabajo/oferta-de-trabajo-de-ejecutivo-de-ventas-san-miguel-en-san-miguel-AF276547212AC31361373E686DCF3405,Ejecutivo de ventas San Miguel | Computrabajo,450.0,Tecnología,"Empleo de Ejecutivo de ventas San Miguel en Easycar - San Miguel Buscar empleos Necesitamos tu autorización para saber dónde estás y ofrecerte las ofertas de trabajo locales. Cambia los permisos en la Configuración de tu navegador, en Privacidad y Seguridad, y autoriza a Computrabajo conocer tu localización. Mi ubicación Nuevo Ingresa y encuentra empleo con una mejor experiencia Ingresar Continúa con Google Buscar ofertas Mis postulaciones Mis favoritos Mis Alertas Login Crear CV Buscar Postulaciones Avisos Favoritos Menú Crear CV Buscar empresas Las mejores empresas para trabajar Salarios Compara los salarios Reclutadores ¡Únete a nosotros y publica ofertas gratis! Publica ofertas gratis Te ayudamos a encontrar un empleo mejor Consejos para encontrar empleo Volver al listado Ejecutivo de ventas San Miguel Easycar - San Miguel, San Miguel Ya aplicaste a esta oferta Oferta Empresa Salarios Ofertas similares Ocultaste esta oferta, pulsa Recuperar oferta para verla de nuevo en los listados Eliminado de Ofertas ocultas Deshacer Descripción de la oferta 448.00 US$ (Mensual) + Comisiones Contrato por tiempo indefinido Tiempo Completo ¿Te apasionan las ventas y el mundo automotriz? Esta es tu oportunidad de desarrollarte en una industria dinámica y orientada a resultados. Funciones principales: Comercializar vehículos conforme a los lineamientos de la empresa. Prospectar y captar nuevos clientes de forma activa. Brindar asesoría personalizada y seguimiento a clientes interesados. Pr"
https://sv.computrabajo.com/empresas/ofertas-de-trabajo-de-easycar-1557EB09C130B7DE,6 Ofertas de trabajo en Easycar,,Tecnología,"6 Ofertas de trabajo en Easycar | Buscar trabajo en El Salvador Buscar empleos Necesitamos tu autorización para saber dónde estás y ofrecerte las ofertas de trabajo locales. Cambia los permisos en la Configuración de tu navegador, en Privacidad y Seguridad, y autoriza a Computrabajo conocer tu localización. Mi ubicación Nuevo Ingresa y encuentra empleo con una mejor experiencia Ingresar Continúa con Google Buscar ofertas Mis postulaciones Mis favoritos Mis Alertas Login Crear CV Buscar Postulaciones Avisos Favoritos Menú Crear CV Buscar empresas Las mejores empresas para trabajar Salarios Compara los salarios Reclutadores ¡Únete a nosotros y publica ofertas gratis! Publica ofertas gratis Te ayudamos a encontrar un empleo mejor Consejos para encontrar empleo Easycar Empresa verificada 41 seguidores + Seguir Volver a enviar Dejar de seguir La empresa Ofertas 6 Salarios 12 Entrevistas 1 Beneficios 10 Fotos Ordenar Ordenar por Relevancia Fecha Salario Fecha Fecha Últimos 15 días 1 Último mes 1 Categoría Categoría Contabilidad / Finanzas 2 Ventas 2 Atención a clientes 1 Servicios Generales, Aseo y Seguridad 1 Lugar de trabajo Lugar de trabajo Departamento San Salvador 4 San Miguel 2 Ciudad Limpiar Filtrar Experiencia Experiencia 1 año 5 Salario Salario Más de 400 USD Más de 500 USD Jornada Jornada Tiempo Completo 6 Contrato Contrato Contrato por tiempo indefinido 6 Discapacidad Discapacidad Sí No 6 ofertas de empleo Genial ¿Quieres recibir en tu correo nuevas vacantes? Busca por t"
https://sv.computrabajo.com/ofertas-de-trabajo/oferta-de-trabajo-de-auxiliar-de-bodega-san-miguel-en-san-miguel-B83B163E035EF4D561373E686DCF3405,Auxiliar de bodega San Miguel | Computrabajo,,Tecnología,"Trabajos de Auxiliar de bodega San Miguel  - San Miguel Buscar empleos Necesitamos tu autorización para saber dónde estás y ofrecerte las ofertas de trabajo locales. Cambia los permisos en la Configuración de tu navegador, en Privacidad y Seguridad, y autoriza a Computrabajo conocer tu localización. Mi ubicación Nuevo Ingresa y encuentra empleo con una mejor experiencia Ingresar Continúa con Google Buscar ofertas Mis postulaciones Mis favoritos Mis Alertas Login Crear CV Buscar Postulaciones Avisos Favoritos Menú Crear CV Buscar empresas Las mejores empresas para trabajar Salarios Compara los salarios Reclutadores ¡Únete a nosotros y publica ofertas gratis! Publica ofertas gratis Te ayudamos a encontrar un empleo mejor Consejos para encontrar empleo Volver al listado Auxiliar de bodega San Miguel Importante empresa del sector - San Miguel, San Miguel Ya aplicaste a esta oferta Oferta Ofertas similares Ocultaste esta oferta, pulsa Recuperar oferta para verla de nuevo en los listados Eliminado de Ofertas ocultas Deshacer Descripción de la oferta A convenir Contrato por tiempo indefinido Tiempo Completo Estamos buscando personal para el área de almacén, con los siguientes requisitos:
Poseer titulo de bachiller 
Experiencia en bodega (deseable) 
Residir exactamente en zona céntrica de San Miguel por horarios rotativos (no será siempre sino ocasionalmente)
Poseer excelente disposición para trabajar en equipo
Manejo básico de Excel, no es indispensable pero si sumaría como un plus "
https://sv.computrabajo.com/ofertas-de-trabajo/oferta-de-trabajo-de-auxiliar-de-creditos-san-miguel-en-san-miguel-0444AA137411D51061373E686DCF3405,Auxiliar de créditos - San Miguel | Computrabajo,500.0,Tecnología,"Trabajos de Auxiliar de créditos en CONSTRU-SERVICES SA DE CV  - San Miguel Buscar empleos Necesitamos tu autorización para saber dónde estás y ofrecerte las ofertas de trabajo locales. Cambia los permisos en la Configuración de tu navegador, en Privacidad y Seguridad, y autoriza a Computrabajo conocer tu localización. Mi ubicación Nuevo Ingresa y encuentra empleo con una mejor experiencia Ingresar Continúa con Google Buscar ofertas Mis postulaciones Mis favoritos Mis Alertas Login Crear CV Buscar Postulaciones Avisos Favoritos Menú Crear CV Buscar empresas Las mejores empresas para trabajar Salarios Compara los salarios Reclutadores ¡Únete a nosotros y publica ofertas gratis! Publica ofertas gratis Te ayudamos a encontrar un empleo mejor Consejos para encontrar empleo Volver al listado Auxiliar de créditos - San Miguel CONSTRU-SERVICES SA DE CV  - San Miguel, San Miguel Ya aplicaste a esta oferta Oferta Empresa Salarios Ofertas similares Ocultaste esta oferta, pulsa Recuperar oferta para verla de nuevo en los listados Eliminado de Ofertas ocultas Deshacer Descripción de la oferta 500.00 US$ (Mensual) Otro tipo de contrato Tiempo Completo REQUISITOS: -TIEMPO COMPLETO -SIN RESTRICCIONES DE HORARIO -DISPONIBILIDAD INMEDIATA -EXPERIENCIA PREVIA EN AREAS, FINANCIERAS, DE CREDITOS O ATENCION AL CLIENTE. FUNCIONES: -GESTION Y CONTROL DE EXPEDIENTES DE CREDITO -APOYO AL ANALISIS CREDITICIO -ATENCION AL CLIENTE -MANEJO DE INFORMACION PARA LA APROBACION DE CREDITOS OFRECEMOS: -CONTRAT"
https://sv.computrabajo.com/ofertas-de-trabajo/oferta-de-trabajo-de-auxiliar-de-obra-san-miguel-en-san-miguel-E92E57338634229E61373E686DCF3405,Auxiliar de obra - San Miguel | Computrabajo,600.0,Tecnología,"Trabajos de Auxiliar de obra en Servicios de Personal, S.A. DE C.V. - San Miguel Buscar empleos Necesitamos tu autorización para saber dónde estás y ofrecerte las ofertas de trabajo locales. Cambia los permisos en la Configuración de tu navegador, en Privacidad y Seguridad, y autoriza a Computrabajo conocer tu localización. Mi ubicación Nuevo Ingresa y encuentra empleo con una mejor experiencia Ingresar Continúa con Google Buscar ofertas Mis postulaciones Mis favoritos Mis Alertas Login Crear CV Buscar Postulaciones Avisos Favoritos Menú Crear CV Buscar empresas Las mejores empresas para trabajar Salarios Compara los salarios Reclutadores ¡Únete a nosotros y publica ofertas gratis! Publica ofertas gratis Te ayudamos a encontrar un empleo mejor Consejos para encontrar empleo Volver al listado Auxiliar de obra - San Miguel Servicios de Personal, S.A. DE C.V. - San Miguel, San Miguel Ya aplicaste a esta oferta Oferta Empresa Salarios Ofertas similares Ocultaste esta oferta, pulsa Recuperar oferta para verla de nuevo en los listados Eliminado de Ofertas ocultas Deshacer Descripción de la oferta 408.00 US$ (Mensual) Contrato por tiempo indefinido Tiempo Completo Nos encontramos en búsqueda de Auxiliar de Obra- San Miguel Requisitos: Experiencia básica en construcción (deseable). Buena condición física. Responsable y puntual. Disponibilidad inmediata y residir en zona Centro de San Miguel. Funciones principales: Apoyar en labores generales de construcción. Carga y descarga de mater"
https://sv.computrabajo.com/empresas/ofertas-de-trabajo-de-servicios-de-personal-sa-de-cv-9D8A0DE9A21A7F5C,"8 Ofertas de trabajo en Servicios de Personal, S.A. DE C.V.",,Tecnología,"8 Ofertas de trabajo en Servicios de Personal, S.A. DE C.V. | Buscar trabajo en El Salvador Buscar empleos Necesitamos tu autorización para saber dónde estás y ofrecerte las ofertas de trabajo locales. Cambia los permisos en la Configuración de tu navegador, en Privacidad y Seguridad, y autoriza a Computrabajo conocer tu localización. Mi ubicación Nuevo Ingresa y encuentra empleo con una mejor experiencia Ingresar Continúa con Google Buscar ofertas Mis postulaciones Mis favoritos Mis Alertas Login Crear CV Buscar Postulaciones Avisos Favoritos Menú Crear CV Buscar empresas Las mejores empresas para trabajar Salarios Compara los salarios Reclutadores ¡Únete a nosotros y publica ofertas gratis! Publica ofertas gratis Te ayudamos a encontrar un empleo mejor Consejos para encontrar empleo Servicios de Personal, S.A. DE C.V. Empresa verificada 569 seguidores + Seguir Volver a enviar Dejar de seguir La empresa Ofertas 8 Salarios 59 Entrevistas 11 Fotos Ordenar Ordenar por Relevancia Fecha Salario Fecha Fecha Urgente 3 Última semana 1 Últimos 15 días 3 Último mes 6 Categoría Categoría Contabilidad / Finanzas 3 Construcción y obra 2 Informática / Telecomunicaciones 1 Otros 1 Almacén / Logística / Transporte 1 Lugar de trabajo Lugar de trabajo Departamento San Salvador 6 San Miguel 2 Ciudad Limpiar Filtrar Experiencia Experiencia 1 año 3 2 años 1 3-4 años 2 5-10 años 1 Salario Salario Más de 400 USD Más de 500 USD Más de 1000 USD Más de 1500 USD Jornada Jornada Tiempo Completo 8 Contr"
https://sv.computrabajo.com/ofertas-de-trabajo/oferta-de-trabajo-de-motorista-con-licencia-pesada-residente-en-san-miguel-en-san-miguel-BD5055ABE809214161373E686DCF3405,Motorista con licencia pesada - Residente en San Miguel | Computrabajo,525.0,Tecnología,"Trabajos de Motorista con licencia pesada en PAN GENESIS S.A. DE C.V. - San Miguel Buscar empleos Necesitamos tu autorización para saber dónde estás y ofrecerte las ofertas de trabajo locales. Cambia los permisos en la Configuración de tu navegador, en Privacidad y Seguridad, y autoriza a Computrabajo conocer tu localización. Mi ubicación Nuevo Ingresa y encuentra empleo con una mejor experiencia Ingresar Continúa con Google Buscar ofertas Mis postulaciones Mis favoritos Mis Alertas Login Crear CV Buscar Postulaciones Avisos Favoritos Menú Crear CV Buscar empresas Las mejores empresas para trabajar Salarios Compara los salarios Reclutadores ¡Únete a nosotros y publica ofertas gratis! Publica ofertas gratis Te ayudamos a encontrar un empleo mejor Consejos para encontrar empleo Volver al listado Motorista con licencia pesada - Residente en San Miguel PAN GENESIS S.A. DE C.V. - San Miguel, San Miguel Ya aplicaste a esta oferta Oferta Empresa Evaluaciones Salarios Ofertas similares Ocultaste esta oferta, pulsa Recuperar oferta para verla de nuevo en los listados Eliminado de Ofertas ocultas Deshacer Descripción de la oferta 525.00 US$ (Mensual) Contrato por tiempo indefinido Tiempo Completo Motorista con Licencia Pesada, que conozca la nomenclatura de Oriente, con experiencia en reparto y documentos en regla. Requisitos: -Licencia Pesada vigente -Conocimiento de nomenclatura -Manejo de facturas -Experiencia en buen servicio al cliente -Responsable -Disponibilidad de horario -Resi"
https://sv.computrabajo.com/empresas/ofertas-de-trabajo-de-pan-genesis-sa-de-cv-9476171E5A1B74DD,18 Ofertas de trabajo en PAN GENESIS S.A. DE C.V.,,Tecnología,"18 Ofertas de trabajo en PAN GENESIS S.A. DE C.V. | Buscar trabajo en El Salvador Buscar empleos Necesitamos tu autorización para saber dónde estás y ofrecerte las ofertas de trabajo locales. Cambia los permisos en la Configuración de tu navegador, en Privacidad y Seguridad, y autoriza a Computrabajo conocer tu localización. Mi ubicación Nuevo Ingresa y encuentra empleo con una mejor experiencia Ingresar Continúa con Google Buscar ofertas Mis postulaciones Mis favoritos Mis Alertas Login Crear CV Buscar Postulaciones Avisos Favoritos Menú Crear CV Buscar empresas Las mejores empresas para trabajar Salarios Compara los salarios Reclutadores ¡Únete a nosotros y publica ofertas gratis! Publica ofertas gratis Te ayudamos a encontrar un empleo mejor Consejos para encontrar empleo PAN GENESIS S.A. DE C.V. Empresa verificada 4.2 711 seguidores + Seguir Volver a enviar Dejar de seguir La empresa Ofertas 18 Evaluaciones 101 Salarios 67 Entrevistas 5 Fotos Ordenar Ordenar por Relevancia Fecha Salario Fecha Fecha Urgente 9 Últimos 3 días 1 Última semana 2 Últimos 15 días 5 Último mes 11 Categoría Categoría Ventas 4 Investigación y Calidad 3 Recursos Humanos 3 Servicios Generales, Aseo y Seguridad 3 Almacén / Logística / Transporte 2 Mercadotecnia / Publicidad / Comunicación 2 Producción / Operarios / Manufactura 1 Lugar de trabajo Lugar de trabajo Departamento San Salvador 17 San Miguel 1 Ciudad Limpiar Filtrar Experiencia Experiencia 1 año 2 2 años 6 3-4 años 5 5-10 años 4 Salario Sala"
https://sv.computrabajo.com/ofertas-de-trabajo/oferta-de-trabajo-de-oficial-de-cumplimiento-san-miguel-en-san-miguel-2CE17333EF1608EF61373E686DCF3405,Oficial de Cumplimiento - San Miguel | Computrabajo,,Tecnología,"Empleo de Oficial de Cumplimiento  - San Miguel Buscar empleos Necesitamos tu autorización para saber dónde estás y ofrecerte las ofertas de trabajo locales. Cambia los permisos en la Configuración de tu navegador, en Privacidad y Seguridad, y autoriza a Computrabajo conocer tu localización. Mi ubicación Nuevo Ingresa y encuentra empleo con una mejor experiencia Ingresar Continúa con Google Buscar ofertas Mis postulaciones Mis favoritos Mis Alertas Login Crear CV Buscar Postulaciones Avisos Favoritos Menú Crear CV Buscar empresas Las mejores empresas para trabajar Salarios Compara los salarios Reclutadores ¡Únete a nosotros y publica ofertas gratis! Publica ofertas gratis Te ayudamos a encontrar un empleo mejor Consejos para encontrar empleo Volver al listado Oficial de Cumplimiento - San Miguel Importante empresa del sector - San Miguel, San Miguel Ya aplicaste a esta oferta Oferta Ofertas similares Ocultaste esta oferta, pulsa Recuperar oferta para verla de nuevo en los listados Eliminado de Ofertas ocultas Deshacer Descripción de la oferta A convenir Contrato por tiempo indefinido Tiempo Completo Profesional universitario en Derecho, Administración de Empresas, Contaduría, Finanzas o carreras afines
Experiencia en cumplimiento normativo, control interno, auditoría o gestión de riesgos
Conocimiento de normativas legales y regulatorias aplicables
Manejo de políticas, procedimientos y controles internos
Capacidad para elaborar informes y dar seguimiento a hallazgos
Alto nivel"
https://sv.computrabajo.com/ofertas-de-trabajo/oferta-de-trabajo-de-auxiliar-de-bodega-con-licencia-de-motocicleta-en-san-miguel-D632873C94007D6461373E686DCF3405,Auxiliar de Bodega - Con licencia de motocicleta | Computrabajo,450.0,Tecnología,"Empleo de Auxiliar de Bodega en  BUSINESS SOLUTIONS - San Miguel Buscar empleos Necesitamos tu autorización para saber dónde estás y ofrecerte las ofertas de trabajo locales. Cambia los permisos en la Configuración de tu navegador, en Privacidad y Seguridad, y autoriza a Computrabajo conocer tu localización. Mi ubicación Nuevo Ingresa y encuentra empleo con una mejor experiencia Ingresar Continúa con Google Buscar ofertas Mis postulaciones Mis favoritos Mis Alertas Login Crear CV Buscar Postulaciones Avisos Favoritos Menú Crear CV Buscar empresas Las mejores empresas para trabajar Salarios Compara los salarios Reclutadores ¡Únete a nosotros y publica ofertas gratis! Publica ofertas gratis Te ayudamos a encontrar un empleo mejor Consejos para encontrar empleo Volver al listado Auxiliar de Bodega - Con licencia de motocicleta BUSINESS SOLUTIONS - San Miguel, San Miguel Ya aplicaste a esta oferta Oferta Empresa Ofertas similares Ocultaste esta oferta, pulsa Recuperar oferta para verla de nuevo en los listados Eliminado de Ofertas ocultas Deshacer Descripción de la oferta 450.00 US$ (Mensual) Contrato por tiempo indefinido Tiempo Completo REQUISITOS: - Edad de 18 a 30 años - Género Masculino - Bachillerato Completo - Experiencia de 3 a 6 meses como auxiliar de Bodega - Licencia de motocicleta (Indispensable) - Lugar de trabajo: Puente Urbina, San Miguel. (Sector Río Grande) - Rubro Automotriz - Buen estado físico y disposición para movilizar carga. - Honesto, pasión por el servic"
https://sv.computrabajo.com/-business-solutions,Trabajar en  BUSINESS SOLUTIONS El Salvador - Información Laboral Junio 2026,,Tecnología,"Trabajar en  BUSINESS SOLUTIONS El Salvador - Información Laboral Junio 2026 Buscar empleos Necesitamos tu autorización para saber dónde estás y ofrecerte las ofertas de trabajo locales. Cambia los permisos en la Configuración de tu navegador, en Privacidad y Seguridad, y autoriza a Computrabajo conocer tu localización. Mi ubicación Nuevo Ingresa y encuentra empleo con una mejor experiencia Ingresar Continúa con Google Buscar ofertas Mis postulaciones Mis favoritos Mis Alertas Login Crear CV Buscar Postulaciones Avisos Favoritos Menú Crear CV Buscar empresas Las mejores empresas para trabajar Salarios Compara los salarios Reclutadores ¡Únete a nosotros y publica ofertas gratis! Publica ofertas gratis Te ayudamos a encontrar un empleo mejor Consejos para encontrar empleo BUSINESS SOLUTIONS Empresa verificada 4,6 12 seguidores + Seguir Volver a enviar Dejar de seguir La empresa Ofertas 29 Evaluaciones 7 Entrevistas Fotos Acerca de  BUSINESS SOLUTIONS Nos especializamos en ofrecer soluciones integrales en Recursos Humanos y Capacitación. Nuestro objetivo es proporcionar servicios personalizados que optimicen el desempeño de tu equipo y impulsen el crecimiento de tu empresa San Salvador RRHH / Personal 1 Evaluación general 4,6 7 Evaluaciones 5 72% 4 14% 3 14% 2 0% 1 0% 4.00 Ambiente de trabajo 3.33 Salario y prestaciones 3.17 Oportunidades de carrera 3.67 Director general 85% profesionales recomiendan trabajar aquí Últimos comentarios Analista de recursos humanos Actual empleado "
https://sv.computrabajo.com/ofertas-de-trabajo/oferta-de-trabajo-de-auxiliar-operativo-lavador-de-vehiculos-en-san-miguel-3F3D3DC39F78402661373E686DCF3405,Auxiliar operativo - Lavador de Vehículos | Computrabajo,450.0,Tecnología,"Trabajos de Auxiliar operativo en Easycar - San Miguel Buscar empleos Necesitamos tu autorización para saber dónde estás y ofrecerte las ofertas de trabajo locales. Cambia los permisos en la Configuración de tu navegador, en Privacidad y Seguridad, y autoriza a Computrabajo conocer tu localización. Mi ubicación Nuevo Ingresa y encuentra empleo con una mejor experiencia Ingresar Continúa con Google Buscar ofertas Mis postulaciones Mis favoritos Mis Alertas Login Crear CV Buscar Postulaciones Avisos Favoritos Menú Crear CV Buscar empresas Las mejores empresas para trabajar Salarios Compara los salarios Reclutadores ¡Únete a nosotros y publica ofertas gratis! Publica ofertas gratis Te ayudamos a encontrar un empleo mejor Consejos para encontrar empleo Volver al listado Auxiliar operativo - Lavador de Vehículos Easycar - San Miguel, San Miguel Ya aplicaste a esta oferta Oferta Empresa Salarios Ofertas similares Ocultaste esta oferta, pulsa Recuperar oferta para verla de nuevo en los listados Eliminado de Ofertas ocultas Deshacer Descripción de la oferta 408.00 US$ (Mensual) Contrato por tiempo indefinido Tiempo Completo Únete a nuestro equipo como Auxiliar Operativo ¿Te apasionan los autos y te gusta mantener todo impecable? Buscamos a alguien como tú para ser parte de nuestro equipo. ¿Qué harás? • Mantener los vehículos limpios y listos para su uso. • Mover los autos entre talleres y para exhibición con clientes. • Apoyar en distintas tareas operativas dentro del taller. ¿Qué bu"
https://sv.computrabajo.com/ofertas-de-trabajo/oferta-de-trabajo-de-ejecutivo-de-ventas-residencial-san-miguel-en-san-miguel-96291BFF94D363E661373E686DCF3405,Ejecutivo de ventas residencial - San Miguel | Computrabajo,408.0,Tecnología,"Empleo de Ejecutivo de ventas residencial en telefonica moviles el salvador s.a. de c.v - San Miguel Buscar empleos Necesitamos tu autorización para saber dónde estás y ofrecerte las ofertas de trabajo locales. Cambia los permisos en la Configuración de tu navegador, en Privacidad y Seguridad, y autoriza a Computrabajo conocer tu localización. Mi ubicación Nuevo Ingresa y encuentra empleo con una mejor experiencia Ingresar Continúa con Google Buscar ofertas Mis postulaciones Mis favoritos Mis Alertas Login Crear CV Buscar Postulaciones Avisos Favoritos Menú Crear CV Buscar empresas Las mejores empresas para trabajar Salarios Compara los salarios Reclutadores ¡Únete a nosotros y publica ofertas gratis! Publica ofertas gratis Te ayudamos a encontrar un empleo mejor Consejos para encontrar empleo Volver al listado Ejecutivo de ventas residencial - San Miguel telefonica moviles el salvador s.a. de c.v - San Miguel, San Miguel Ya aplicaste a esta oferta Oferta Empresa Salarios Ofertas similares Ocultaste esta oferta, pulsa Recuperar oferta para verla de nuevo en los listados Eliminado de Ofertas ocultas Deshacer Descripción de la oferta 407.00 US$ (Mensual) Contrato por tiempo indefinido Tiempo Completo Funciones: Prospectar y realizar cierre de venta de servicios de internet residencial en la zona de San Miguel. Requisitos: -Grado académico: Mínimo noveno grado. -Experiencia previa: 1 año mínimo en venta de campo (deseable). Te afrecemos: -Sueldo base + viáticos. -Atractivo de es"
https://sv.computrabajo.com/empresas/ofertas-de-trabajo-de-telefonica-moviles-el-salvador-sa-de-cv-7E8262985889A6E2,36 Ofertas de trabajo en telefonica moviles el salvador s.a. de c.v,,Tecnología,"36 Ofertas de trabajo en telefonica moviles el salvador s.a. de c.v | Buscar trabajo en El Salvador Buscar empleos Necesitamos tu autorización para saber dónde estás y ofrecerte las ofertas de trabajo locales. Cambia los permisos en la Configuración de tu navegador, en Privacidad y Seguridad, y autoriza a Computrabajo conocer tu localización. Mi ubicación Nuevo Ingresa y encuentra empleo con una mejor experiencia Ingresar Continúa con Google Buscar ofertas Mis postulaciones Mis favoritos Mis Alertas Login Crear CV Buscar Postulaciones Avisos Favoritos Menú Crear CV Buscar empresas Las mejores empresas para trabajar Salarios Compara los salarios Reclutadores ¡Únete a nosotros y publica ofertas gratis! Publica ofertas gratis Te ayudamos a encontrar un empleo mejor Consejos para encontrar empleo telefonica moviles el salvador s.a. de c.v Empresa verificada 239 seguidores + Seguir Volver a enviar Dejar de seguir La empresa Ofertas 36 Salarios 78 Entrevistas 2 Fotos Ordenar Ordenar por Relevancia Fecha Salario Fecha Fecha Urgente 16 Últimos 3 días 1 Última semana 3 Últimos 15 días 10 Último mes 22 Categoría Categoría Ventas 34 Contabilidad / Finanzas 1 Otros 1 Lugar de trabajo Lugar de trabajo Departamento San Salvador 14 San Miguel 6 La Libertad 4 Sonsonate 3 Ahuachapán 2 Santa Ana 2 Cabañas 1 Chalatenango 1 Cuscatlán 1 La Unión 1 Usulután 1 Ciudad Limpiar Filtrar Experiencia Experiencia 1 año 24 2 años 1 3-4 años 3 5-10 años 1 Salario Salario Más de 300 USD Más de 400 USD Más de"
https://sv.computrabajo.com/ofertas-de-trabajo/oferta-de-trabajo-de-tecnico-de-mantenimiento-temporal-oriente-san-miguel-la-union-y-morazan-en-san-miguel-1342D02BF710D5B761373E686DCF3405,"Técnico de Mantenimiento (Temporal) - Oriente (San Miguel, La Unión y Morazán) | Computrabajo",672.0,Tecnología,"Trabajos de Técnico de Mantenimiento (Temporal) en CMI Corporación Multi Inversiones - San Miguel Buscar empleos Necesitamos tu autorización para saber dónde estás y ofrecerte las ofertas de trabajo locales. Cambia los permisos en la Configuración de tu navegador, en Privacidad y Seguridad, y autoriza a Computrabajo conocer tu localización. Mi ubicación Nuevo Ingresa y encuentra empleo con una mejor experiencia Ingresar Continúa con Google Buscar ofertas Mis postulaciones Mis favoritos Mis Alertas Login Crear CV Buscar Postulaciones Avisos Favoritos Menú Crear CV Buscar empresas Las mejores empresas para trabajar Salarios Compara los salarios Reclutadores ¡Únete a nosotros y publica ofertas gratis! Publica ofertas gratis Te ayudamos a encontrar un empleo mejor Consejos para encontrar empleo Volver al listado Técnico de Mantenimiento (Temporal) - Oriente (San Miguel, La Unión y Morazán) CMI Corporación Multi Inversiones - San Miguel, San Miguel Ya aplicaste a esta oferta Oferta Empresa Salarios Ofertas similares Ocultaste esta oferta, pulsa Recuperar oferta para verla de nuevo en los listados Eliminado de Ofertas ocultas Deshacer Descripción de la oferta A convenir Contrato por tiempo determinado Tiempo Completo Ejecutar las áreas, actividades asignadas de mantenimiento preventivo y correctivo, diagnóstico y reparación de tallas en circuitos eléctricos, máquinas, elementos de cocina e infraestructura. FUNCIONES: 1. Realizar instalaciones, mantenimiento, reparaciones, ajustes y"
https://sv.computrabajo.com/cmi-corporacion-multi-inversiones,Trabajar en CMI Corporación Multi Inversiones El Salvador - Información Laboral Junio 2026,366.0,Tecnología,"Trabajar en CMI Corporación Multi Inversiones El Salvador - Información Laboral Junio 2026 Buscar empleos Necesitamos tu autorización para saber dónde estás y ofrecerte las ofertas de trabajo locales. Cambia los permisos en la Configuración de tu navegador, en Privacidad y Seguridad, y autoriza a Computrabajo conocer tu localización. Mi ubicación Nuevo Ingresa y encuentra empleo con una mejor experiencia Ingresar Continúa con Google Buscar ofertas Mis postulaciones Mis favoritos Mis Alertas Login Crear CV Buscar Postulaciones Avisos Favoritos Menú Crear CV Buscar empresas Las mejores empresas para trabajar Salarios Compara los salarios Reclutadores ¡Únete a nosotros y publica ofertas gratis! Publica ofertas gratis Te ayudamos a encontrar un empleo mejor Consejos para encontrar empleo CMI Corporación Multi Inversiones Empresa verificada 6,760 seguidores + Seguir Volver a enviar Dejar de seguir La empresa Ofertas 169 Salarios 1,834 Entrevistas 34 Fotos Acerca de CMI Corporación Multi Inversiones CMI Corporación Multi Inversiones El corazón de CMI está en su gente En CMI, cultivamos una cultura familiar arraigada en los valores REIR: Responsabilidad, Excelencia, Integridad y Respeto, con los que promovemos la calidez de empresa familiar. Nos preocupamos por el crecimiento y desarrollo de cada uno de los más de 50 mil colaboradores, así como por la salud y bienestar integral de cada uno de ellos, sus familias y las comunidades en donde operamos. ¡Únete a nuestra gran familia CMI,"
https://sv.computrabajo.com/trabajo-de-impulsador-en-san-miguel,Trabajo de impulsador en San Miguel | Computrabajo,,Tecnología,"Trabajo de impulsador en San Miguel | Computrabajo Buscar empleos Necesitamos tu autorización para saber dónde estás y ofrecerte las ofertas de trabajo locales. Cambia los permisos en la Configuración de tu navegador, en Privacidad y Seguridad, y autoriza a Computrabajo conocer tu localización. Mi ubicación Nuevo Ingresa y encuentra empleo con una mejor experiencia Ingresar Continúa con Google Buscar ofertas Mis postulaciones Mis favoritos Mis Alertas Login Crear CV Buscar Postulaciones Avisos Favoritos Menú Crear CV Buscar empresas Las mejores empresas para trabajar Salarios Compara los salarios Reclutadores ¡Únete a nosotros y publica ofertas gratis! Publica ofertas gratis Te ayudamos a encontrar un empleo mejor Consejos para encontrar empleo ¿Te avisamos si hay nuevas ofertas? No te pierdas ni una oportunidad laboral Ahora no Permitir Ordenar Ordenar por Relevancia Fecha Salario Fecha Fecha Urgente 13 Hoy 5 Últimos 3 días 10 Última semana 12 Últimos 15 días 21 Último mes 32 Lugar de trabajo Lugar de trabajo Remoto 0 Presencial y remoto 0 Departamento San Miguel 4 San Salvador 30 La Libertad 8 Ahuachapán 3 Santa Ana 3 Chalatenango 2 Usulután 2 Sonsonate 1 Ciudad San Miguel 4 Limpiar Filtrar Experiencia Experiencia Sin Experiencia 8 1 año 26 2 años 4 3-4 años 5 5-10 años 1 Salario Salario Más de 200 USD Más de 300 USD Más de 400 USD Más de 500 USD Más de 1000 USD Jornada Jornada Tiempo Completo 52 Medio Tiempo 1 Contrato Contrato Contrato por tiempo indefinido 43 Contrato po"
https://sv.computrabajo.com/trabajo-de-coordinador-en-san-miguel,Trabajo de coordinador en San Miguel | Computrabajo,,Tecnología,"Trabajo de coordinador en San Miguel | Computrabajo Buscar empleos Necesitamos tu autorización para saber dónde estás y ofrecerte las ofertas de trabajo locales. Cambia los permisos en la Configuración de tu navegador, en Privacidad y Seguridad, y autoriza a Computrabajo conocer tu localización. Mi ubicación Nuevo Ingresa y encuentra empleo con una mejor experiencia Ingresar Continúa con Google Buscar ofertas Mis postulaciones Mis favoritos Mis Alertas Login Crear CV Buscar Postulaciones Avisos Favoritos Menú Crear CV Buscar empresas Las mejores empresas para trabajar Salarios Compara los salarios Reclutadores ¡Únete a nosotros y publica ofertas gratis! Publica ofertas gratis Te ayudamos a encontrar un empleo mejor Consejos para encontrar empleo ¿Te avisamos si hay nuevas ofertas? No te pierdas ni una oportunidad laboral Ahora no Permitir Ordenar Ordenar por Relevancia Fecha Salario Fecha Fecha Urgente 348 Hoy 28 Últimos 3 días 67 Última semana 147 Últimos 15 días 357 Último mes 568 Lugar de trabajo Lugar de trabajo Remoto 16 Presencial y remoto 21 Departamento San Miguel 59 San Salvador 524 La Libertad 242 Santa Ana 47 Sonsonate 31 La Paz 23 Usulután 16 Ahuachapán 10 La Unión 10 Cabañas 8 Cuscatlán 5 San Vicente 3 Chalatenango 2 Morazán 2 Ciudad San Miguel 51 El Tránsito 3 Quelepa 2 Chinameca 1 Lolotique 1 Moncagua 1 Limpiar Filtrar Experiencia Experiencia Sin Experiencia 53 1 año 289 2 años 257 3-4 años 247 5-10 años 84 Más de 10 años 12 Salario Salario Más de 200 USD Más d"
https://sv.computrabajo.com/trabajo-de-ejecutivo-de-ventas-en-san-miguel,Trabajo de ejecutivo de ventas en San Miguel | Computrabajo,,Tecnología,"Trabajo de ejecutivo de ventas en San Miguel | Computrabajo Buscar empleos Necesitamos tu autorización para saber dónde estás y ofrecerte las ofertas de trabajo locales. Cambia los permisos en la Configuración de tu navegador, en Privacidad y Seguridad, y autoriza a Computrabajo conocer tu localización. Mi ubicación Nuevo Ingresa y encuentra empleo con una mejor experiencia Ingresar Continúa con Google Buscar ofertas Mis postulaciones Mis favoritos Mis Alertas Login Crear CV Buscar Postulaciones Avisos Favoritos Menú Crear CV Buscar empresas Las mejores empresas para trabajar Salarios Compara los salarios Reclutadores ¡Únete a nosotros y publica ofertas gratis! Publica ofertas gratis Te ayudamos a encontrar un empleo mejor Consejos para encontrar empleo ¿Te avisamos si hay nuevas ofertas? No te pierdas ni una oportunidad laboral Ahora no Permitir Ordenar Ordenar por Relevancia Fecha Salario Fecha Fecha Urgente 215 Hoy 22 Últimos 3 días 42 Última semana 88 Últimos 15 días 224 Último mes 338 Lugar de trabajo Lugar de trabajo Remoto 5 Presencial y remoto 19 Departamento San Miguel 37 San Salvador 315 La Libertad 94 Santa Ana 30 Sonsonate 23 Usulután 13 Ahuachapán 9 La Paz 9 Cabañas 7 La Unión 6 Cuscatlán 5 San Vicente 3 Chalatenango 2 Morazán 2 Ciudad San Miguel 32 El Tránsito 2 Chinameca 1 Lolotique 1 Moncagua 1 Limpiar Filtrar Experiencia Experiencia Sin Experiencia 29 1 año 183 2 años 154 3-4 años 105 5-10 años 48 Más de 10 años 4 Salario Salario Más de 200 USD Más de 300 USD"
https://sv.computrabajo.com/trabajo-de-supervisor-de-ventas-en-san-miguel,Trabajo de supervisor de ventas en San Miguel | Computrabajo,,Tecnología,"Trabajo de supervisor de ventas en San Miguel | Computrabajo Buscar empleos Necesitamos tu autorización para saber dónde estás y ofrecerte las ofertas de trabajo locales. Cambia los permisos en la Configuración de tu navegador, en Privacidad y Seguridad, y autoriza a Computrabajo conocer tu localización. Mi ubicación Nuevo Ingresa y encuentra empleo con una mejor experiencia Ingresar Continúa con Google Buscar ofertas Mis postulaciones Mis favoritos Mis Alertas Login Crear CV Buscar Postulaciones Avisos Favoritos Menú Crear CV Buscar empresas Las mejores empresas para trabajar Salarios Compara los salarios Reclutadores ¡Únete a nosotros y publica ofertas gratis! Publica ofertas gratis Te ayudamos a encontrar un empleo mejor Consejos para encontrar empleo ¿Te avisamos si hay nuevas ofertas? No te pierdas ni una oportunidad laboral Ahora no Permitir Ordenar Ordenar por Relevancia Fecha Salario Fecha Fecha Urgente 197 Hoy 22 Últimos 3 días 42 Última semana 84 Últimos 15 días 211 Último mes 308 Lugar de trabajo Lugar de trabajo Remoto 5 Presencial y remoto 15 Departamento San Miguel 38 San Salvador 273 La Libertad 92 Santa Ana 31 Sonsonate 23 Usulután 14 Ahuachapán 9 La Paz 9 Cabañas 6 La Unión 6 Cuscatlán 5 San Vicente 3 Chalatenango 2 Morazán 2 Ciudad San Miguel 32 El Tránsito 2 Moncagua 2 Chinameca 1 Lolotique 1 Limpiar Filtrar Experiencia Experiencia Sin Experiencia 29 1 año 166 2 años 139 3-4 años 102 5-10 años 43 Más de 10 años 4 Salario Salario Más de 200 USD Más de 300 US"
https://sv.computrabajo.com/trabajo-de-vendedor-detalle-en-san-miguel,Trabajo de vendedor detalle en San Miguel | Computrabajo,,Tecnología,"Trabajo de vendedor detalle en San Miguel | Computrabajo Buscar empleos Necesitamos tu autorización para saber dónde estás y ofrecerte las ofertas de trabajo locales. Cambia los permisos en la Configuración de tu navegador, en Privacidad y Seguridad, y autoriza a Computrabajo conocer tu localización. Mi ubicación Nuevo Ingresa y encuentra empleo con una mejor experiencia Ingresar Continúa con Google Buscar ofertas Mis postulaciones Mis favoritos Mis Alertas Login Crear CV Buscar Postulaciones Avisos Favoritos Menú Crear CV Buscar empresas Las mejores empresas para trabajar Salarios Compara los salarios Reclutadores ¡Únete a nosotros y publica ofertas gratis! Publica ofertas gratis Te ayudamos a encontrar un empleo mejor Consejos para encontrar empleo ¿Te avisamos si hay nuevas ofertas? No te pierdas ni una oportunidad laboral Ahora no Permitir Ordenar Ordenar por Relevancia Fecha Salario Fecha Fecha Urgente 40 Hoy 4 Últimos 3 días 10 Última semana 18 Últimos 15 días 39 Último mes 77 Lugar de trabajo Lugar de trabajo Remoto 0 Presencial y remoto 2 Departamento San Miguel 14 San Salvador 67 La Libertad 17 Santa Ana 9 Sonsonate 4 Chalatenango 3 La Paz 3 San Vicente 2 Usulután 1 Ciudad San Miguel 14 Limpiar Filtrar Experiencia Experiencia Sin Experiencia 17 1 año 47 2 años 29 3-4 años 7 5-10 años 3 Salario Salario Más de 200 USD Más de 300 USD Más de 400 USD Más de 500 USD Más de 1000 USD Más de 1500 USD Más de 2000 USD Jornada Jornada Tiempo Completo 120 Contrato Contrato Contra"
https://sv.computrabajo.com/trabajo-de-promotor-en-san-miguel,Trabajo de promotor en San Miguel | Computrabajo,,Tecnología,"Trabajo de promotor en San Miguel | Computrabajo Buscar empleos Necesitamos tu autorización para saber dónde estás y ofrecerte las ofertas de trabajo locales. Cambia los permisos en la Configuración de tu navegador, en Privacidad y Seguridad, y autoriza a Computrabajo conocer tu localización. Mi ubicación Nuevo Ingresa y encuentra empleo con una mejor experiencia Ingresar Continúa con Google Buscar ofertas Mis postulaciones Mis favoritos Mis Alertas Login Crear CV Buscar Postulaciones Avisos Favoritos Menú Crear CV Buscar empresas Las mejores empresas para trabajar Salarios Compara los salarios Reclutadores ¡Únete a nosotros y publica ofertas gratis! Publica ofertas gratis Te ayudamos a encontrar un empleo mejor Consejos para encontrar empleo ¿Te avisamos si hay nuevas ofertas? No te pierdas ni una oportunidad laboral Ahora no Permitir Ordenar Ordenar por Relevancia Fecha Salario Fecha Fecha Urgente 528 Hoy 41 Últimos 3 días 94 Última semana 170 Últimos 15 días 455 Último mes 755 Lugar de trabajo Lugar de trabajo Remoto 10 Presencial y remoto 38 Departamento San Miguel 126 San Salvador 681 La Libertad 224 Santa Ana 73 Sonsonate 51 Ahuachapán 35 Usulután 31 Chalatenango 21 La Paz 18 Cuscatlán 15 Cabañas 13 La Unión 13 San Vicente 8 Morazán 3 Ciudad San Miguel 105 Quelepa 6 Moncagua 5 Chinameca 4 Ciudad Barrios 2 Nueva Guadalupe 2 Chapeltique 1 El Tránsito 1 Limpiar Filtrar Experiencia Experiencia Sin Experiencia 140 1 año 530 2 años 284 3-4 años 163 5-10 años 49 Más de 10 años"
https://sv.computrabajo.com/trabajo-de-ventas-en-san-miguel,Trabajo de ventas en San Miguel | Computrabajo,,Tecnología,"Trabajo de ventas en San Miguel | Computrabajo Buscar empleos Necesitamos tu autorización para saber dónde estás y ofrecerte las ofertas de trabajo locales. Cambia los permisos en la Configuración de tu navegador, en Privacidad y Seguridad, y autoriza a Computrabajo conocer tu localización. Mi ubicación Nuevo Ingresa y encuentra empleo con una mejor experiencia Ingresar Continúa con Google Buscar ofertas Mis postulaciones Mis favoritos Mis Alertas Login Crear CV Buscar Postulaciones Avisos Favoritos Menú Crear CV Buscar empresas Las mejores empresas para trabajar Salarios Compara los salarios Reclutadores ¡Únete a nosotros y publica ofertas gratis! Publica ofertas gratis Te ayudamos a encontrar un empleo mejor Consejos para encontrar empleo ¿Te avisamos si hay nuevas ofertas? No te pierdas ni una oportunidad laboral Ahora no Permitir Ordenar Ordenar por Relevancia Fecha Salario Fecha Fecha Urgente 740 Hoy 60 Últimos 3 días 139 Última semana 253 Últimos 15 días 676 Último mes 1,117 Lugar de trabajo Lugar de trabajo Remoto 14 Presencial y remoto 49 Departamento San Miguel 172 San Salvador 1,057 La Libertad 378 Santa Ana 104 Sonsonate 69 Ahuachapán 37 Usulután 36 La Paz 26 Chalatenango 25 Cabañas 22 La Unión 22 Cuscatlán 17 San Vicente 11 Morazán 5 Ciudad San Miguel 146 Moncagua 7 Quelepa 6 Chinameca 4 Ciudad Barrios 2 El Tránsito 2 Nueva Guadalupe 2 Chapeltique 1 Lolotique 1 San Luis de la Reina 1 Limpiar Filtrar Experiencia Experiencia Sin Experiencia 219 1 año 797 2 años 438 "
https://sv.computrabajo.com/trabajo-de-administrador-punto-de-venta-en-san-miguel,Trabajo de administrador punto de venta en San Miguel | Computrabajo,,Tecnología,"Trabajo de administrador punto de venta en San Miguel | Computrabajo Buscar empleos Necesitamos tu autorización para saber dónde estás y ofrecerte las ofertas de trabajo locales. Cambia los permisos en la Configuración de tu navegador, en Privacidad y Seguridad, y autoriza a Computrabajo conocer tu localización. Mi ubicación Nuevo Ingresa y encuentra empleo con una mejor experiencia Ingresar Continúa con Google Buscar ofertas Mis postulaciones Mis favoritos Mis Alertas Login Crear CV Buscar Postulaciones Avisos Favoritos Menú Crear CV Buscar empresas Las mejores empresas para trabajar Salarios Compara los salarios Reclutadores ¡Únete a nosotros y publica ofertas gratis! Publica ofertas gratis Te ayudamos a encontrar un empleo mejor Consejos para encontrar empleo ¿Te avisamos si hay nuevas ofertas? No te pierdas ni una oportunidad laboral Ahora no Permitir Ordenar Ordenar por Relevancia Fecha Salario Fecha Fecha Urgente 45 Hoy 6 Últimos 3 días 9 Última semana 18 Últimos 15 días 32 Último mes 41 Lugar de trabajo Lugar de trabajo Remoto 0 Presencial y remoto 0 Departamento San Miguel 8 San Salvador 36 La Libertad 16 Santa Ana 7 Sonsonate 3 Ahuachapán 1 Cuscatlán 1 La Paz 1 La Unión 1 Morazán 1 Usulután 1 Ciudad San Miguel 6 El Tránsito 1 Lolotique 1 Limpiar Filtrar Experiencia Experiencia Sin Experiencia 3 1 año 32 2 años 21 3-4 años 13 5-10 años 2 Salario Salario Más de 300 USD Más de 400 USD Más de 500 USD Más de 1000 USD Más de 1500 USD Más de 2000 USD Jornada Jornada Tiempo "
https://sv.computrabajo.com/trabajo-de-tecnico-en-mantenimiento-en-san-miguel,Trabajo de tecnico en mantenimiento en san miguel | Empleo Computrabajo El Salvador,,Tecnología,"Trabajo de tecnico en mantenimiento en san miguel | Empleo Computrabajo El Salvador Buscar empleos Necesitamos tu autorización para saber dónde estás y ofrecerte las ofertas de trabajo locales. Cambia los permisos en la Configuración de tu navegador, en Privacidad y Seguridad, y autoriza a Computrabajo conocer tu localización. Mi ubicación Nuevo Ingresa y encuentra empleo con una mejor experiencia Ingresar Continúa con Google Buscar ofertas Mis postulaciones Mis favoritos Mis Alertas Login Crear CV Buscar Postulaciones Avisos Favoritos Menú Crear CV Buscar empresas Las mejores empresas para trabajar Salarios Compara los salarios Reclutadores ¡Únete a nosotros y publica ofertas gratis! Publica ofertas gratis Te ayudamos a encontrar un empleo mejor Consejos para encontrar empleo ¿Te avisamos si hay nuevas ofertas? No te pierdas ni una oportunidad laboral Ahora no Permitir Ordenar Ordenar por Relevancia Fecha Salario Fecha Fecha Urgente 23 Hoy 1 Últimos 3 días 4 Última semana 6 Últimos 15 días 10 Último mes 16 Categoría Categoría Mantenimiento y Reparaciones Técnicas 19 Informática / Telecomunicaciones 3 Ventas 3 Otros 3 Ingeniería 2 Almacén / Logística / Transporte 2 Administración / Oficina 1 Producción / Operarios / Manufactura 1 Lugar de trabajo Lugar de trabajo Remoto 0 Presencial y remoto 0 Departamento San Miguel 30 San Salvador 2 Usulután 2 Ciudad Limpiar Filtrar Experiencia Experiencia Sin Experiencia 4 1 año 12 2 años 11 3-4 años 5 5-10 años 1 Más de 10 años 1 Salario "
https://sv.computrabajo.com/trabajo-de-asesor-en-ventas-en-san-miguel,Trabajo de asesor en ventas en san miguel | Empleo Computrabajo El Salvador,,Tecnología,"Trabajo de asesor en ventas en san miguel | Empleo Computrabajo El Salvador Buscar empleos Necesitamos tu autorización para saber dónde estás y ofrecerte las ofertas de trabajo locales. Cambia los permisos en la Configuración de tu navegador, en Privacidad y Seguridad, y autoriza a Computrabajo conocer tu localización. Mi ubicación Nuevo Ingresa y encuentra empleo con una mejor experiencia Ingresar Continúa con Google Buscar ofertas Mis postulaciones Mis favoritos Mis Alertas Login Crear CV Buscar Postulaciones Avisos Favoritos Menú Crear CV Buscar empresas Las mejores empresas para trabajar Salarios Compara los salarios Reclutadores ¡Únete a nosotros y publica ofertas gratis! Publica ofertas gratis Te ayudamos a encontrar un empleo mejor Consejos para encontrar empleo ¿Te avisamos si hay nuevas ofertas? No te pierdas ni una oportunidad laboral Ahora no Permitir Ordenar Ordenar por Relevancia Fecha Salario Fecha Fecha Urgente 7 Hoy 2 Últimos 3 días 3 Última semana 5 Últimos 15 días 11 Último mes 15 Categoría Categoría Ventas 25 Atención a clientes 4 Informática / Telecomunicaciones 1 Lugar de trabajo Lugar de trabajo Remoto 0 Presencial y remoto 1 Departamento San Miguel 23 San Salvador 7 Ciudad Limpiar Filtrar Experiencia Experiencia Sin Experiencia 2 1 año 12 2 años 9 3-4 años 5 Salario Salario Más de 300 USD Más de 400 USD Más de 500 USD Jornada Jornada Tiempo Completo 30 Contrato Contrato Contrato por tiempo indefinido 27 Contrato por tiempo determinado 2 Otro tipo de con"
https://sv.computrabajo.com/trabajo-de-cajero-en-san-miguel,Trabajo de cajero en San Miguel | Computrabajo,,Tecnología,"Trabajo de cajero en San Miguel | Computrabajo Buscar empleos Necesitamos tu autorización para saber dónde estás y ofrecerte las ofertas de trabajo locales. Cambia los permisos en la Configuración de tu navegador, en Privacidad y Seguridad, y autoriza a Computrabajo conocer tu localización. Mi ubicación Nuevo Ingresa y encuentra empleo con una mejor experiencia Ingresar Continúa con Google Buscar ofertas Mis postulaciones Mis favoritos Mis Alertas Login Crear CV Buscar Postulaciones Avisos Favoritos Menú Crear CV Buscar empresas Las mejores empresas para trabajar Salarios Compara los salarios Reclutadores ¡Únete a nosotros y publica ofertas gratis! Publica ofertas gratis Te ayudamos a encontrar un empleo mejor Consejos para encontrar empleo ¿Te avisamos si hay nuevas ofertas? No te pierdas ni una oportunidad laboral Ahora no Permitir Ordenar Ordenar por Relevancia Fecha Salario Fecha Fecha Urgente 68 Hoy 2 Últimos 3 días 10 Última semana 24 Últimos 15 días 58 Último mes 82 Lugar de trabajo Lugar de trabajo Remoto 0 Presencial y remoto 0 Departamento San Miguel 15 San Salvador 69 La Libertad 44 La Unión 4 Sonsonate 4 Cuscatlán 2 La Paz 2 Morazán 2 Santa Ana 2 Ahuachapán 1 Cabañas 1 Chalatenango 1 Usulután 1 Ciudad San Miguel 12 Chapeltique 1 El Tránsito 1 Lolotique 1 Limpiar Filtrar Experiencia Experiencia Sin Experiencia 17 1 año 76 2 años 21 3-4 años 9 5-10 años 2 Salario Salario Más de 200 USD Más de 300 USD Más de 400 USD Más de 500 USD Más de 1500 USD Jornada Jornada Tiem"
https://sv.computrabajo.com/trabajo-de-gerente-de-sucursal-en-san-miguel,Trabajo de gerente de sucursal en San Miguel | Computrabajo,,Tecnología,"Trabajo de gerente de sucursal en San Miguel | Computrabajo Buscar empleos Necesitamos tu autorización para saber dónde estás y ofrecerte las ofertas de trabajo locales. Cambia los permisos en la Configuración de tu navegador, en Privacidad y Seguridad, y autoriza a Computrabajo conocer tu localización. Mi ubicación Nuevo Ingresa y encuentra empleo con una mejor experiencia Ingresar Continúa con Google Buscar ofertas Mis postulaciones Mis favoritos Mis Alertas Login Crear CV Buscar Postulaciones Avisos Favoritos Menú Crear CV Buscar empresas Las mejores empresas para trabajar Salarios Compara los salarios Reclutadores ¡Únete a nosotros y publica ofertas gratis! Publica ofertas gratis Te ayudamos a encontrar un empleo mejor Consejos para encontrar empleo ¿Te avisamos si hay nuevas ofertas? No te pierdas ni una oportunidad laboral Ahora no Permitir Ordenar Ordenar por Relevancia Fecha Salario Fecha Fecha Urgente 42 Hoy 6 Últimos 3 días 10 Última semana 20 Últimos 15 días 43 Último mes 56 Lugar de trabajo Lugar de trabajo Remoto 1 Presencial y remoto 0 Departamento San Miguel 7 San Salvador 39 La Libertad 20 Santa Ana 6 Sonsonate 5 Usulután 4 La Unión 3 Cabañas 2 La Paz 2 Ahuachapán 1 Chalatenango 1 San Vicente 1 Ciudad San Miguel 6 Lolotique 1 Limpiar Filtrar Experiencia Experiencia Sin Experiencia 1 1 año 30 2 años 27 3-4 años 24 5-10 años 7 Salario Salario Más de 200 USD Más de 400 USD Más de 500 USD Más de 1000 USD Más de 1500 USD Más de 2000 USD Jornada Jornada Tiempo Compl"
https://sv.computrabajo.com/trabajo-de-operario-en-san-miguel,Trabajo de operario en San Miguel | Computrabajo,,Tecnología,"Trabajo de operario en San Miguel | Computrabajo Buscar empleos Necesitamos tu autorización para saber dónde estás y ofrecerte las ofertas de trabajo locales. Cambia los permisos en la Configuración de tu navegador, en Privacidad y Seguridad, y autoriza a Computrabajo conocer tu localización. Mi ubicación Nuevo Ingresa y encuentra empleo con una mejor experiencia Ingresar Continúa con Google Buscar ofertas Mis postulaciones Mis favoritos Mis Alertas Login Crear CV Buscar Postulaciones Avisos Favoritos Menú Crear CV Buscar empresas Las mejores empresas para trabajar Salarios Compara los salarios Reclutadores ¡Únete a nosotros y publica ofertas gratis! Publica ofertas gratis Te ayudamos a encontrar un empleo mejor Consejos para encontrar empleo ¿Te avisamos si hay nuevas ofertas? No te pierdas ni una oportunidad laboral Ahora no Permitir Ordenar Ordenar por Relevancia Fecha Salario Fecha Fecha Urgente 123 Hoy 5 Últimos 3 días 24 Última semana 49 Últimos 15 días 149 Último mes 230 Lugar de trabajo Lugar de trabajo Remoto 0 Presencial y remoto 8 Departamento San Miguel 32 San Salvador 220 La Libertad 94 Santa Ana 8 Ahuachapán 5 Cuscatlán 5 La Paz 4 Sonsonate 2 Cabañas 1 Chalatenango 1 San Vicente 1 Usulután 1 Ciudad San Miguel 28 Quelepa 3 Moncagua 1 Limpiar Filtrar Experiencia Experiencia Sin Experiencia 54 1 año 159 2 años 53 3-4 años 35 5-10 años 13 Más de 10 años 2 Salario Salario Más de 200 USD Más de 300 USD Más de 400 USD Más de 500 USD Más de 1000 USD Más de 1500 USD Más "
https://sv.computrabajo.com/trabajo-de-ejecutivo-de-venta-en-san-miguel,Trabajo de ejecutivo de venta en San Miguel | Computrabajo,,Tecnología,"Trabajo de ejecutivo de venta en San Miguel | Computrabajo Buscar empleos Necesitamos tu autorización para saber dónde estás y ofrecerte las ofertas de trabajo locales. Cambia los permisos en la Configuración de tu navegador, en Privacidad y Seguridad, y autoriza a Computrabajo conocer tu localización. Mi ubicación Nuevo Ingresa y encuentra empleo con una mejor experiencia Ingresar Continúa con Google Buscar ofertas Mis postulaciones Mis favoritos Mis Alertas Login Crear CV Buscar Postulaciones Avisos Favoritos Menú Crear CV Buscar empresas Las mejores empresas para trabajar Salarios Compara los salarios Reclutadores ¡Únete a nosotros y publica ofertas gratis! Publica ofertas gratis Te ayudamos a encontrar un empleo mejor Consejos para encontrar empleo ¿Te avisamos si hay nuevas ofertas? No te pierdas ni una oportunidad laboral Ahora no Permitir Ordenar Ordenar por Relevancia Fecha Salario Fecha Fecha Urgente 215 Hoy 22 Últimos 3 días 42 Última semana 88 Últimos 15 días 224 Último mes 338 Lugar de trabajo Lugar de trabajo Remoto 5 Presencial y remoto 19 Departamento San Miguel 37 San Salvador 315 La Libertad 94 Santa Ana 30 Sonsonate 23 Usulután 13 Ahuachapán 9 La Paz 9 Cabañas 7 La Unión 6 Cuscatlán 5 San Vicente 3 Chalatenango 2 Morazán 2 Ciudad San Miguel 32 El Tránsito 2 Chinameca 1 Lolotique 1 Moncagua 1 Limpiar Filtrar Experiencia Experiencia Sin Experiencia 29 1 año 183 2 años 154 3-4 años 105 5-10 años 48 Más de 10 años 4 Salario Salario Más de 200 USD Más de 300 USD "
https://sv.computrabajo.com/avisolegal,Bolsa de trabajo El Salvador | Portal de empleo Computrabajo El Salvador,,Tecnología,"Bolsa de trabajo El Salvador | Portal de empleo Computrabajo El Salvador Buscar ofertas Evaluaciones de empresa Salarios Desarrollo profesional Ingresa y encuentra empleo con una mejor experiencia Ingresar Continúa con Google Buscar ofertas Mis postulaciones Mis favoritos Mis Alertas Reclutadores Login Crear CV Buscar Postulaciones Avisos Favoritos Menú Crear CV Buscar empresas Las mejores empresas para trabajar Salarios Compara los salarios Reclutadores ¡Únete a nosotros y publica ofertas gratis! Publica ofertas gratis Te ayudamos a encontrar un empleo mejor Consejos para encontrar empleo ¡Ahora es el momento de cambiar! Encuentra el empleo que encaja contigo, más de 4,603 ofertas Buscar empleos Necesitamos tu autorización para saber dónde estás y ofrecerte las ofertas de trabajo locales. Cambia los permisos en la Configuración de tu navegador, en Privacidad y Seguridad, y autoriza a Computrabajo conocer tu localización. Mi ubicación Nuevo Últimas búsquedas ¿Quieres publicar? ¿Eres empresa? Recluta gratis al mejor talento hoy mismo 1 Publica gratis Crea tu cuenta , publica y llega a diversidad de profesionales. 2 Selecciona Accede a perfiles y filtra según tus necesidades. 3 Encuentra al mejor perfil Contacta al candidato que mejor encaja en tu empresa. Nuevo Potencia tu desarrollo profesional Consejos, guías y recursos para encontrar antes el empleo que encaja contigo. Computrabajo te ayuda Si buscas trabajo ¡Computrabajo es tu mejor aliado! Miles de ofertas de empleo están"
https://sv.computrabajo.com/empleos-en-san-salvador-en-san-salvador,"Buscar empleo en San Salvador, San Salvador | Computrabajo El Salvador",,Tecnología,"Buscar empleo en San Salvador, San Salvador | Computrabajo El Salvador Buscar empleos Necesitamos tu autorización para saber dónde estás y ofrecerte las ofertas de trabajo locales. Cambia los permisos en la Configuración de tu navegador, en Privacidad y Seguridad, y autoriza a Computrabajo conocer tu localización. Mi ubicación Nuevo Ingresa y encuentra empleo con una mejor experiencia Ingresar Continúa con Google Buscar ofertas Mis postulaciones Mis favoritos Mis Alertas Login Crear CV Buscar Postulaciones Avisos Favoritos Menú Crear CV Buscar empresas Las mejores empresas para trabajar Salarios Compara los salarios Reclutadores ¡Únete a nosotros y publica ofertas gratis! Publica ofertas gratis Te ayudamos a encontrar un empleo mejor Consejos para encontrar empleo ¿Te avisamos si hay nuevas ofertas? No te pierdas ni una oportunidad laboral Ahora no Permitir Ordenar Ordenar por Relevancia Fecha Salario Distancia Distancia Hasta 5 km Hasta 10 km Hasta 25 km Hasta 50 km Hasta 75 km Hasta 100 km Fecha Fecha Urgente 1,651 Hoy 114 Últimos 3 días 291 Última semana 559 Últimos 15 días 1,467 Último mes 2,527 Categoría Categoría Ventas 1,052 Almacén / Logística / Transporte 604 Atención a clientes 376 Contabilidad / Finanzas 295 Administración / Oficina 277 Mantenimiento y Reparaciones Técnicas 275 Producción / Operarios / Manufactura 275 Otros 213 Hostelería / Turismo 169 Construcción y obra 168 Servicios Generales, Aseo y Seguridad 126 Informática / Telecomunicaciones 113 Ingeniería "
https://sv.computrabajo.com/empleos-en-san-salvador-en-soyapango,"Buscar empleo en Soyapango, San Salvador | Computrabajo El Salvador",,Tecnología,"Buscar empleo en Soyapango, San Salvador | Computrabajo El Salvador Buscar empleos Necesitamos tu autorización para saber dónde estás y ofrecerte las ofertas de trabajo locales. Cambia los permisos en la Configuración de tu navegador, en Privacidad y Seguridad, y autoriza a Computrabajo conocer tu localización. Mi ubicación Nuevo Ingresa y encuentra empleo con una mejor experiencia Ingresar Continúa con Google Buscar ofertas Mis postulaciones Mis favoritos Mis Alertas Login Crear CV Buscar Postulaciones Avisos Favoritos Menú Crear CV Buscar empresas Las mejores empresas para trabajar Salarios Compara los salarios Reclutadores ¡Únete a nosotros y publica ofertas gratis! Publica ofertas gratis Te ayudamos a encontrar un empleo mejor Consejos para encontrar empleo ¿Te avisamos si hay nuevas ofertas? No te pierdas ni una oportunidad laboral Ahora no Permitir Ordenar Ordenar por Relevancia Fecha Salario Distancia Distancia Hasta 5 km Hasta 10 km Hasta 25 km Hasta 50 km Hasta 75 km Hasta 100 km Fecha Fecha Urgente 1,651 Hoy 114 Últimos 3 días 291 Última semana 559 Últimos 15 días 1,467 Último mes 2,527 Categoría Categoría Ventas 1,052 Almacén / Logística / Transporte 604 Atención a clientes 376 Contabilidad / Finanzas 295 Administración / Oficina 277 Mantenimiento y Reparaciones Técnicas 275 Producción / Operarios / Manufactura 275 Otros 213 Hostelería / Turismo 169 Construcción y obra 168 Servicios Generales, Aseo y Seguridad 126 Informática / Telecomunicaciones 113 Ingeniería 108"
https://sv.computrabajo.com/empleos-en-san-salvador-en-apopa,"Buscar empleo en Apopa, San Salvador | Computrabajo El Salvador",,Tecnología,"Buscar empleo en Apopa, San Salvador | Computrabajo El Salvador Buscar empleos Necesitamos tu autorización para saber dónde estás y ofrecerte las ofertas de trabajo locales. Cambia los permisos en la Configuración de tu navegador, en Privacidad y Seguridad, y autoriza a Computrabajo conocer tu localización. Mi ubicación Nuevo Ingresa y encuentra empleo con una mejor experiencia Ingresar Continúa con Google Buscar ofertas Mis postulaciones Mis favoritos Mis Alertas Login Crear CV Buscar Postulaciones Avisos Favoritos Menú Crear CV Buscar empresas Las mejores empresas para trabajar Salarios Compara los salarios Reclutadores ¡Únete a nosotros y publica ofertas gratis! Publica ofertas gratis Te ayudamos a encontrar un empleo mejor Consejos para encontrar empleo ¿Te avisamos si hay nuevas ofertas? No te pierdas ni una oportunidad laboral Ahora no Permitir Ordenar Ordenar por Relevancia Fecha Salario Distancia Distancia Hasta 5 km Hasta 10 km Hasta 25 km Hasta 50 km Hasta 75 km Hasta 100 km Fecha Fecha Urgente 1,651 Hoy 114 Últimos 3 días 291 Última semana 559 Últimos 15 días 1,467 Último mes 2,527 Categoría Categoría Ventas 1,052 Almacén / Logística / Transporte 604 Atención a clientes 376 Contabilidad / Finanzas 295 Administración / Oficina 277 Mantenimiento y Reparaciones Técnicas 275 Producción / Operarios / Manufactura 275 Otros 213 Hostelería / Turismo 169 Construcción y obra 168 Servicios Generales, Aseo y Seguridad 126 Informática / Telecomunicaciones 113 Ingeniería 108 Cal"
https://sv.computrabajo.com/empleos-en-la-libertad-en-antiguo-cuscatlan,"Buscar empleo en Antiguo Cuscatlán, La Libertad | Computrabajo El Salvador",,Tecnología,"Buscar empleo en Antiguo Cuscatlán, La Libertad | Computrabajo El Salvador Buscar empleos Necesitamos tu autorización para saber dónde estás y ofrecerte las ofertas de trabajo locales. Cambia los permisos en la Configuración de tu navegador, en Privacidad y Seguridad, y autoriza a Computrabajo conocer tu localización. Mi ubicación Nuevo Ingresa y encuentra empleo con una mejor experiencia Ingresar Continúa con Google Buscar ofertas Mis postulaciones Mis favoritos Mis Alertas Login Crear CV Buscar Postulaciones Avisos Favoritos Menú Crear CV Buscar empresas Las mejores empresas para trabajar Salarios Compara los salarios Reclutadores ¡Únete a nosotros y publica ofertas gratis! Publica ofertas gratis Te ayudamos a encontrar un empleo mejor Consejos para encontrar empleo ¿Te avisamos si hay nuevas ofertas? No te pierdas ni una oportunidad laboral Ahora no Permitir Ordenar Ordenar por Relevancia Fecha Salario Distancia Distancia Hasta 5 km Hasta 10 km Hasta 25 km Hasta 50 km Hasta 75 km Hasta 100 km Fecha Fecha Urgente 1,651 Hoy 114 Últimos 3 días 291 Última semana 559 Últimos 15 días 1,467 Último mes 2,527 Categoría Categoría Ventas 1,052 Almacén / Logística / Transporte 604 Atención a clientes 376 Contabilidad / Finanzas 295 Administración / Oficina 277 Mantenimiento y Reparaciones Técnicas 275 Producción / Operarios / Manufactura 275 Otros 213 Hostelería / Turismo 169 Construcción y obra 168 Servicios Generales, Aseo y Seguridad 126 Informática / Telecomunicaciones 113 Ingenie"
https://sv.computrabajo.com/empleos-en-la-libertad-en-nueva-san-salvador,"Buscar empleo en Nueva San Salvador, La Libertad | Computrabajo El Salvador",,Tecnología,"Buscar empleo en Nueva San Salvador, La Libertad | Computrabajo El Salvador Buscar empleos Necesitamos tu autorización para saber dónde estás y ofrecerte las ofertas de trabajo locales. Cambia los permisos en la Configuración de tu navegador, en Privacidad y Seguridad, y autoriza a Computrabajo conocer tu localización. Mi ubicación Nuevo Ingresa y encuentra empleo con una mejor experiencia Ingresar Continúa con Google Buscar ofertas Mis postulaciones Mis favoritos Mis Alertas Login Crear CV Buscar Postulaciones Avisos Favoritos Menú Crear CV Buscar empresas Las mejores empresas para trabajar Salarios Compara los salarios Reclutadores ¡Únete a nosotros y publica ofertas gratis! Publica ofertas gratis Te ayudamos a encontrar un empleo mejor Consejos para encontrar empleo ¿Te avisamos si hay nuevas ofertas? No te pierdas ni una oportunidad laboral Ahora no Permitir Ordenar Ordenar por Relevancia Fecha Salario Distancia Distancia Hasta 5 km Hasta 10 km Hasta 25 km Hasta 50 km Hasta 75 km Hasta 100 km Fecha Fecha Urgente 1,651 Hoy 114 Últimos 3 días 291 Última semana 559 Últimos 15 días 1,467 Último mes 2,527 Categoría Categoría Ventas 1,052 Almacén / Logística / Transporte 604 Atención a clientes 376 Contabilidad / Finanzas 295 Administración / Oficina 277 Mantenimiento y Reparaciones Técnicas 275 Producción / Operarios / Manufactura 275 Otros 213 Hostelería / Turismo 169 Construcción y obra 168 Servicios Generales, Aseo y Seguridad 126 Informática / Telecomunicaciones 113 Ingeni"
